Año,Beneficiario,RNPA,Nombre_proyecto,Tipo_proyecto,Especie,Estado,Municipio,Localidad,Monto
2008,"ACUACULTORES DE MULCHECHEN, S.C. DE R.L.",,Ampliación de la granja acuacultores de Mulchechen,Proyecto Integral Acuícola,TILAPIA,YUCATÁN,MULCHECHEN,Cerrito de Mulchechen,573190
2008,"CAMARONICOLA EL PAJONAL, S.C. DE R.L. DE C.V.",,Producción y comercialización de camarón blanco en estanques rústicos en sistemas intensivos.,Proyecto Integral Acuícola,CAMARÓN,TABASCO,CÁRDENAS,Ranchería Azucena 3a Sección,1697600
2008,"CAMPECHE PRODUCE, S.A. DE C.V.",,"Construcción de estanques y tecnificación de la granja Campeche Produce, S.A. de C.V.",Proyecto Integral Acuícola,CAMARÓN,CAMPECHE,CHAMPOTÓN,Villamar y Escuela de Infantería,932776
2008,"CASTILLO ACUACULTORES, S.C. DE R.L. DE C.V.",,Granja de producción acuícola Castillo Acuacultores,Proyecto Integral Acuícola,TILAPIA,TABASCO,CENTRO,Ría González 4a Sección,569659
2008,"CONGELADORA Y EMPACADORA MARQUEZ, S.A. DE C.V.",,Equipamiento de planta confeladora y empacadora de camarón,Proyecto Integral Pesca,CAMARÓN,CAMPECHE,CAMPECHE,Lerma,695618
2008,"EL PASO DOS ARROYOS, S.P.R. DE R.I.",,Engorda de mojarra tilapia en jaulas flotantes.,Proyecto Integral Acuícola,TILAPIA,CAMPECHE,CARMEN,Ejido La Cristalina,1551922
2008,"FRIMAREZ, S.C. DE R.L, DE C.V.",,Productora comercializadora acuícola FRIMAREZ,Proyecto Integral Acuícola,TILAPIA,TABASCO,CENTLA,Rancheria La Estrella,1383000
2008,"GRUPO INVERSIONISTA DEL SURESTE, S.A. DE C.V.",,Producción y comercialización de tilapia en jaulas en estanques de tierra bajo condiciones semi extensivas,Proyecto Integral Acuícola,TILAPIA,CAMPECHE,CAMPECHE,Lerma,1642986
2008,HEBERTO CÁMARA SANZ,,Construcción de infraestructura para la conservación y comercialización de pescados,Proyecto Integral Acuícola,ESCAMA,TABASCO,CÁRDENAS,Sánchez Mágallanez,382000
2008,HUGO ROMÁN PECH CHACON,,Remodelación y equipamiento de una planta de proceso.,Maquinaria y Equipo Pesquero,"PULPO, ESCAMA",YUCATÁN,PROGRESO,Progreso,1168087
2008,"INTEGRADORA PESQUERA DE ISLA ARENA CAMPECHE, S.A. DE C.V.",,Rehabilitación del centro de acopio de productos marinos.,Proyecto Integral Pesca,"PULPO, ESCAMA, RENTAL",CAMPECHE,CALKINI,Isla Arena,1542532
2008,MARCO ANTONIO VARGAS RAMIREZ,,Rehabilitación de una bodega de acopio mixta para la conservación y venta de productos marinos.,Proyecto Integral Acuícola,"ROBALO, MOJARRA, TRUCHA, CAMARÓN, OSTIÓN",VERACRUZ,TAMIAHUA,Ribera Zona Sur,409455
2008,"MASPESCA, S.A. DE C.V.",,Construcción y equipamiento de fábrica de hielo.,Proyecto Integral Acuícola,"ESCAMA, PULPO",YUCATÁN,PROGRESO,Yucalpeten,1612988
2008,MINERVA ALARCÓN MARIN,,Proyecto para la consolidación productiva de la granja acuícola marina,Proyecto Integral Acuícola,TILAPIA,VERACRUZ,JUCHIQUE DE FERRER,Laureles de Belem,849254
2008,REYNALDO LARA CAREAGA,,Rehabilitación de planta para la conservación y venta de productos marinos.,Infraestructura Acuícola,"CAMARÓN, MOJARRA, OSTIÓN, REBATE, TRUCHA",VERACRUZ,TAMIAHUA,Rivera Norte,939182
2008,RICARDO ALBERTO CERÓN TORRES,,Ampliación de la granja para la producción intensiva de tilapia en tanques de geomembrana.,Proyecto Integral Acuícola,TILAPIA,YUCATÁN,TETIZ,Hunucma-Teliz,944800
2008,RÓMULO PÉREZ MORALES,,La Hielera de Muchi,Proyecto Integral Acuícola,ESCAMA,TABASCO,EMILIANO ZAPATA,Saquila,1663108
2008,"S.C.P.A. ACUÍCOLA EL PAJONAL, S.C. DE R.L. DE C.V.",,Granja de producción acuícola camarón blanco.,Proyecto Integral Acuícola,CAMARÓN,TABASCO,CÁRDENAS,Ejido Sinaloa 3a Sección,844642
2008,"S.C.P.A. SANCHEZ MAGALLANES, DE R.L. DE C.V.",,Granja de producción acuícola camarón blanco.,Proyecto Integral Acuícola,CAMARÓN,TABASCO,CÁRDENAS,Agrícola y Ganadera Las Flores,746157
2008,"S.C.P.P MANUEL CEPEDA PERAZA, S.C. DE R.L.",,"Ampliación, remodelación y equipamiento de un centro de acopio de productos pesqueros en el Puerto de Rio Lagartos Yucatán.",Proyecto Integral Acuícola,"LANGOSTA, PULPO, ESCAMA",YUCATÁN,RIO LAGARTOS,Río Lagartos,663700
2008,"S.C.P.P, CABO CATOCHE, S.C. DE R,L,",,"Remodelación y equipamiento de centro de acopio, proceso y comercialización de productos marinos",Proyecto Integral Pesca,"LANGOSTA, PULPO, ESCAMA",QUINTANA ROO,LÁZARO CARDENAS,Isla Holbox,1336600
2008,"S.C.P.P. 21 DE MARZO, S.C. DE R.L.",,Modernización de red de frío para el programa de buenas práctivas de manufactura,Proyecto Integral Acuícola,"CAMARÓN, OSTIÓN",VERACRUZ,PUEBLO VIEJO,Congregación Anahuac,1905285
2008,"S.C.P.P. CASTARRICAF, DE R.L. DE C.V.",,Acondicionamiento y tecnificación de la granja de procucción acuícola mojarra tilapia,Infraestructura Acuícola,TILAPIA,TABASCO,COMALCALCO,Cocohital,1339900
2008,"S.C.P.P. DE B.S. ANTON DE ALAMINOS, S.C. DE R.L.",,Engorda de Tilapia O. niloticus en tinas circulares de geomembrana,Proyecto Integral Acuícola,TILAPIA,CAMPECHE,CARMEN,Ejido Abelardo L. Rodríguez,1816511
2008,S.C.P.P. DE B.S. ISLA DE TRIANGULO S.C. DE R.L. DE C.V.,,Cultivo de tilapia en tinas circulares de geomembrana,Proyecto Integral Acuícola,TILAPIA,CAMPECHE,CARMEN,Ejido Abelardo L. Rodríguez,1816511
2008,"S.C.P.P. DE B.S. LA MALINCHE, S.C. DE R.L.",,Engorda de Tilapia O. niloticus en tinas circulares de geomembrana,Proyecto Integral Acuícola,TILAPIA,CAMPECHE,CARMEN,Ejido Abelardo L. Rodríguez,1816511
2008,"S.C.P.P. MECOACÁN, DE S.C.L.",,Granja de engorda intensiva de ostión Mecoacán,Infraestructura Acuícola,OSTIÓN,TABASCO,PARAISO,Puerto Ceiba,1878780
2008,"S.C.P.P. PESCADORES DE CHIQUILA, S.C.P. DE R.L.",,"Construcción y equipamiento de centro de recepción para el manejo, procesamiento, conservación, transformación y comercialización de productos marinos.",Proyecto Integral Pesca,"ESCAMA, PULPO",QUINTANA ROO,LÁZARO CARDENAS,Chiquila,1529080
2008,S.C.P.P. PESCADORES LEGITIMOS DE SAN FELIPE S.C. DE R.L.,,Construcción y equipamiento de un centro de acopio de productos pesqueros en el Puerto de San Felipe Yucatán,Proyecto Integral Acuícola,"TIBURÓN, PULPO, ESCAMA",YUCATÁN,SAN FELIPE,San Felipe,1555103
2008,"S.C.P.P. TRES PALMAS, S.C. DE R.L.",,Construcción de granja de producción acuícola Tres Palmas,Proyecto Integral Acuícola,CAMARÓN,TABASCO,COMALNALCO,Puerto Ceiba,1665000
2008,"S.C.P.P. VANGUARDIA DEL MAR, S.C. DE R.L.",,Rehabilitación del centro de acopio de productos marinos y equipamiento de área de recepción y proceso,Proyecto Integral Pesca,"LANGOSTA, PULPO, ESCAMA",QUINTANA ROO,LÁZARO CARDENAS,Isla Holbox,1598500
2008,"S.C.P.P. VISTA HERMOSA DEL SOMBRERITO, S.C. DER.L. DE C.V.",,Ampliar y operar una granja engorda de tilapia Oreochromis spp ubicada en la presa Republica Española.,Proyecto Integral Acuícola,TLAPIA,TAMAULIPAS,ALDAMA,Ejido El Sobrerito,1669800
2008,"S.C.P.P.A. ESCAMA, CAMARON Y DE B.S. ALCATRAZ, S.C. DE R.L.",,Cultivo de castarrica Cichlasoma urophlalmus en tinas circulares,Proyecto Integral Acuícola,TILAPIA,CAMPECHE,PALIZADA,Tila,2118331
2008,"S.C.P.P.R. ISLAS UNIDAS, S.C. DE R.L.",,Construcción y equipamiento de centro de proceso de productos pesqueros.,Proyecto Integral Acuícola,"CAMARÓN, JAIBA, TRUCHA, LISA",TAMAULIPAS,MATAMOROS,Higuerrillas,1791880
2008,"S.G.P.P. PESCADORES DE RIO LAGARTOS, S.C. DE R.L.",,"Ampliación, remodelación y equipamiento de un centro de acopio de productos pesqueros en el Puerto de Rio Lagartos Yucatán.",Proyecto Integral Acuícola,LANGOSTA,YUCATÁN,RIO LAGARTOS,Río Lagartos,541585
2008,"S.P.R. SANTA ADELITA, DE R.L DE C.V.",,Reconstrucción y equipamiento de granja para producir tilapia,Proyecto Integral Acuícola,TILAPIA,TAMAULIPAS,NUEVO GUERRERO,Rancho La Leona,1835730
2008,"SISTEMAS PRODUCTIVOS RURALES DE JAMAPA, S.C. DE R.L.",,Tecnificación del módulo para producción de mojarra en estanques circulares.,Proyecto Integral Acuícola,TILAPIA,VERACRUZ,JAMAPA,Estero Norte,1753074
2009,"ACUÍCOLA CAMPECHANOS UNIDOS, S.C. DE R.L.",,PRODUCCIÓN DE TILAPIA EN TINAS CIRCULARES DE GEOMEMBRANA,ACTIVOS PRODUCTIVOS Y PROGRAMA SOPORTE,TILAPIA,CAMPECHE,SAN FRANCISCO DE CAMPECHE,TIXMUCUY,1650000
2009,"ACUÍCOLA VALLE DE MUKUYCHACAN, S.P.R. DE R.L.",,PRODUCCIÓN DE TILAPIA EN TINAS CIRCULARES DE GEOMEMBRANA,ACTIVOS PRODUCTIVOS Y PROGRAMA SOPORTE,TILAPIA,CAMPECHE,SAN FRANCISCO DE CAMPECHE,TIXMUCUY,1650000
2009,"ACUÍCOLA Y AGRÍCOLA EL CABALLITO, S.C. DE R.L.",,PRODUCCIÓN DE TILAPIA EN TINAS CIRCULARES DE GEOMEMBRANA,ACTIVOS PRODUCTIVOS Y PROGRAMA SOPORTE,TILAPIA,CAMPECHE,SAN FRANCISCO DE CAMPECHE,TIXMUCUY,1650000
2009,"AGROINDUSTRIAS PARGO, S.A. DE C.V.",,REHABILITACIÓN DE INFRAESTRUCTURA Y TECNIFICACIÓN DE UN MÓDULO DE ESTANQUERÍA CIRCULAR PARA EL DESARROLLO DE UN CULTIVO DE TILAPIA,ACTIVOS PRODUCTIVOS Y PROGRAMA SOPORTE,TILAPIA,VERACRUZ,ANTIGUA VERACRUZ,SANTA ROSA,1353000
2009,"BARRA LA COMA, S. DE R.L.",,PLANTA DE PROCESO Y CONSERVACIÓN DE PRODUCTOS DE LA PESCA,ACTIVOS PRODUCTIVOS Y PROGRAMA SOPORTE,ESCAMA,TAMAULIPAS,ALDAMA,BARRA DEL TORDO,1997300
2009,"COMERCIALIZADORA HOL KOBEN, S.A. DE C.V.",,ADECUACIÓN PARA PROCESOS SANITARIOS,ACTIVOS PRODUCTIVOS Y PROGRAMA SOPORTE,"ESCAMA, PULPO",YUCATÁN,YUCATÁN,RÍO LAGARTOS,1455442
2009,"EL BOQUINETE, S.C. DE R.L.",,AMPLIACIÓN DE LA GRANJA EL BOQUINETE,ACTIVOS PRODUCTIVOS Y PROGRAMA SOPORTE,TILAPIA,YUCATÁN,YUCATÁN,DZILAM DE BRAVO,847628
2009,ELIA DEL CARMEN ARMENTA ROMERO,,EQUIPAMIENTO DE LA BOEGA DE PESCADOS Y MARISCOS ARMENTA CON UNA FÁBRICAS DE HIELO EN ESCAMA,ACTIVOS PRODUCTIVOS Y PROGRAMA SOPORTE,"ALMEJA, LANGOSTINO, ESCAMA",VERACRUZ,ALVARADO,BODEGA ARMENTA,1249045
2009,GASPAR AGUIÑAGA ROSADO,,"AMPLIACIÓN, REMODELACIÓN Y EQUIPAMIENTO DE UNA PLANTA DE PROCESO DE PRODUCTOS PESQUEROS EN EL PUERTO DE EL CUYO",ACTIVOS PRODUCTIVOS Y PROGRAMA SOPORTE,"ESCAMA, PULPO",YUCATÁN,TIZIMIN,PUERTO ABRIGO EL CUYO,840192
2009,"GRANJA ACUÍCOLA DE POYAXUN, S.C. de R.L. de C.V.",,AMPLIACIÓN DE GRANJA E INSTALACIÓN DE LABORATORIO,ACTIVOS PRODUCTIVOS Y PROGRAMA SOPORTE,TILAPIA,CAMPECHE,SAN FRANCISCO DE CAMPECHE,EJIDO DE POYACXUN,1098000
2009,"HOOL CHAKAN, S.C. DE R.L.",,AMPLIACIÓN DE LA GRANJA HOOL CHAKAN,ACTIVOS PRODUCTIVOS Y PROGRAMA SOPORTE,TILAPIA,YUCATÁN,YUCATÁN,DZILAM DE BRAVO,908218
2009,"LA MOJARRA CHILANGA, S.C. DE R.L.",,TECNIFICACIÓN DE GRANJA DE MOJARRA TILAPIA,ACTIVOS PRODUCTIVOS Y PROGRAMA SOPORTE,TILAPIA,VERACRUZ,CATEMACO,EJIDO SONTECOMAPAN,1747563
2009,"NAVIERA Y PESQUERA EL RUISEÑOR, S.A. DE C.V.",,MANTENIMIENTO A FLOTA CAMARONERA,ACTIVOS PRODUCTIVOS,CAMARÓN,VERACRUZ,VERACRUZ,CIUDAD CUAHUTÉMOC,761272
2009,"PESQUERA Y ACUICULTURA DE TIXMUCUY, S.C. DE R.L.",,PRODUCCIÓN DE TILAPIA EN TINAS CIRCULARES DE GEOMEMBRANA,ACTIVOS PRODUCTIVOS Y PROGRAMA SOPORTE,TILAPIA,CAMPECHE,SAN FRANCISCO DE CAMPECHE,TIXMUCUY,1650000
2009,"S.C. EL PINZÓN, R.L. DE C.V.",,ADQUISICIÓN DE INFRAESTRUCTURA Y EQUIPO PARA LA PRODUCCIÓN Y COMERCIALIZACIÓN DE OSTIÓN,ACTIVOS PRODUCTIVOS Y PROGRAMA SOPORTE,OSTIÓN,TABASCO,CÁRDENAS,VILLA Y PUERTO DE SÁNCHEZ MAGALLANES,1994551
2009,"S.C.P.E. PESCADORES DEL PORVENIR, S.C.P. DE R.L.",,"CONSTRUCCIÓN Y EQUIPAMIENTO DE CENTRO DE RECEPCIÓN PARA EL MANEJO, PROCESAMIENTO, CONSERVACIÓM, TRANSFORMACIÓN Y COMERCIALIZACIÓN DE PRODUCTOS MARINOS",ACTIVOS PRODUCTIVOS Y PROGRAMA SOPORTE,"ESCAMA, PULPO",QUINTANA ROO,LÁZARO CÁRDENAS,CHIQUILÁ,1385012
2009,"S.C.P.P PESCADORES UNIDOS DE SAN FELIPE, S.C. DE R.L.",,EQUIPAMIENTO DE UN CENTRO DE ACOPIO DE PRODUCTOS PESQUEROS,ACTIVOS PRODUCTIVOS Y PROGRAMA SOPORTE,"ESCAMA, PULPO, LANGOSTA",YUCATÁN,YUCATÁN,SAN FELIPE,450854
2009,"S.C.P.P. 20 DE NOVIEMBRE, S.C. DE R.L.",,ASISTENCIA TÉCNICA Y CAPACITACIÓN PARA LA ENGORDA DE TILAPIA EN TINAS CIRCULARES,PROGRAMA SOPORTE,TILAPIA,CAMPECHE,DEL CARMEN,EJIDO ISLA AGUADA,126000
2009,"S.C.P.P. ARROYO EL HUARACHE, S.R.L. DE C.V.",,GRANJA ACUÍCOLA ARROYO EL HUARACHE,ACTIVOS PRODUCTIVOS Y PROGRAMA SOPORTE,TILAPIA,TABASCO,CENTLA,EJIDO NUEVA CENTLA,1926739
2009,"S.C.P.P. BARRA DE TUPILCO, S.C.L.",,REHABILITACIÓN DE INFRAESTRUCTURA Y EQUIPAMIENTO PARA LA PRODUCCIÓN OSTRÍCOLA,ACTIVOS PRODUCTIVOS Y PROGRAMA SOPORTE,OSTIÓN,TABASCO,PARAÍSO,BARRA DE TUPILCO,1447122
2009,"S.C.P.P. EL CHAMIZAL, S.C. DE R.L.",,PLANTA DE PROCESO Y CONSERVACIÓN EL CHAMIZAL,ACTIVOS PRODUCTIVOS Y PROGRAMA SOPORTE,"ESCAMA, CAMARÓN, JAIBA, TIBURÓN, OSTIÓN",TAMAULIPAS,MATAMOROS,LAS HIGUERILLAS,1860462
2009,"S.C.P.P. LANGOSTEROS DEL CARIBE, S.C. DE R.L.",,EQUIPAMIENTO DE CENTRO DE ACOPIO DE PRODUCTOS PESQUEROS,ACTIVOS PRODUCTIVOS Y PROGRAMA SOPORTE,"ESCAMA, CARACOL, LANGOSTA",QUINTANA ROO,XCALAK,OTHÓN P. BLANCO,1369548
2009,"S.C.P.P. LIBERACIÓN 2003, S.C. DE R.L. DE C.V.",,PLANTA COMERCIALIZADORA DE PESCADORES Y MARISCOS LIBERACIÓN 2003,ACTIVOS PRODUCTIVOS Y PROGRAMA SOPORTE,"ESCAMA, OSTIÓN, CAMARÓN",TABASCO,EL BELLOTE,PARAÍSO,1997312
2009,"S.C.P.P. PESCADORES DE LA CALETA, S.C. DE R.L.",,ASISTENCIA TÉCNICA Y CAPACITACIÓN PARA LA ENGORDA DE TILAPIA EN TANQUES CIRCULARES,PROGRAMA SOPORTE,TILAPIA,CAMPECHE,DEL CARMEN,EJIDO ISLA AGUADA,126000
2009,"S.C.P.P. PESCADORES DE VIGIA CHICO, S.C. DE R.L.",,ADQUISICIÓN E INSTALACIÓN DE UN GENERADOR DE ENERGÍA ELÉCTRICA,ACTIVOS PRODUCTIVOS ,"ESCAMA, LANGOSTA",QUINTANA ROO,TULUM,PUNTA ALLEN,198800
2009,"S.C.P.P. PLAN DE AYUTLA, S.C. DE R.L.",,UNIDAD PARA PRODUCCIÓN INTENSIVA DE TILAPIA PLAN DE AYUTLA,ACTIVOS PRODUCTIVOS Y PROGRAMA SOPORTE,TILAPIA,TAMAULIPAS,MATAMOROS,CONGREGACIÓN EL GOMEÑO,2000000
2009,"S.C.P.P. XLA BARCO, S.C. DE R.L.",,"CONSTRUCCIÓN, EQUIPAMIENTO Y OPERACIÓN DE UNA FÁBRICA DE HIELO EN EL CENTRO DE ACOPIO DE PRODUCTOS PESQUEROS",ACTIVOS PRODUCTIVOS Y PROGRAMA SOPORTE,"ESCAMA, PULPO, LANGOSTA",YUCATÁN,HUCNUMÁ,PUERTO DE SISAL,1010602
2009,"S.C.P.P. Y OSTRÍCOLA LAS ISLAS DEL PAQUILLO, S.C. DE R.L. DE",,"REHABILITACIÓN, CONSTRUCCIÓN Y EQUIPAMIENTO DE INFRAESTRUCTURA PARA MEJORAR EL PROCESO PRODUCTIVO OSTRÍCOLA",ACTIVOS PRODUCTIVOS Y PROGRAMA SOPORTE,OSTIÓN,TABASCO,CÁRDENAS,EJIDO SAN RAFAEL Y PUERTO DE SÁNCHEZ MAGALLANES,1999338
2009,"SCPPA RÍO REAL DE SALINAS, S. DE R.L.",,PRODUCCIÓN DE TILAPIA EN TINAS CIRCULARES DE GEOMEMBRANA,ACTIVOS PRODUCTIVOS Y PROGRAMA SOPORTE,TILAPIA,CAMPECHE,SAN FRANCISCO DE CAMPECHE,TIXMUCUY,1650000
2011,EMILIANO FERREYRA DELGADO,404000622,REHABILITACIÓN Y EQUIPAMIENTO DE PLANTA PROCESADORA DE PESCADOS Y MARISCOS,PROYECTO INTEGRAL PESQUERO,"ESCAMA MARINA, PULPO Y CARACOL.",CAMPECHE,CHAMPOTÓN,EJIDO PARAISO,439250
2011,JOSÉ SALOMÓN ORTEGA HERNÁNDEZ,403001050,ADQUISICIÓN DE FÁBRICA DE HIELO Y SUBESTACIÓN TRIFÁSICA PARA LA CONSERVACIÓN DE PESCADOS Y MARISCOS.,PROYECTO INTEGRAL PESQUERO,"ESCAMA MARINA, TIBURÓN Y PULPO.",CAMPECHE,CHAMPOTÓN,SEYBAPLAYA,883371
2011,JOSÉ ALBERTO ABRAHAM HOYOS,N/D,PRODUCCIÓN INTENSIVA DE TILAPIA EN TINAS DE GEOMEBRANA,PROYECTO INTEGRAL DE ACUACULTURA,TILAPIA,CAMPECHE,CALKINI,DZITBALCHÉ,1265221
2011,"S.P. EL PEDREGAL DE B.S., S.C. DE R.L. DE C.V.",402005540,MODERNIZACIÓN DE LA PLANTA PARA EL ACOPIO DE ESPECIES MARINAS,PROYECTO INTEGRAL PESQUERO,ESCAMA MARINA,CAMPECHE,CARMEN,CARMEN,1500000
2011,"S.C. 20 DE NOVIEMBRE, A. DE P.P. DE B.S., S.C. DE R.L. DE C.V.",402006209,CULTIVO DE TILAPIA EN TINAS CIRCULARES DE GEOMEMBRANA,PROYECTO INTEGRAL DE ACUACULTURA,TILAPIA,CAMPECHE,CARMEN,CARMEN,238832
2011,"S.C.P. DE B.S. RENOVACIÓN PESQUERA. , S.C. DE R.L.",402006183,CULTIVO DE TILAPIA EN TINAS CIRCULARES,PROYECTO INTEGRAL DE ACUACULTURA,TILAPIA,CAMPECHE,CARMEN,EL JOBAL,672052
2011,"S.C.P.P. DE B.S. FUERZA DEL MAR, S.C. DE R.L.",405000894,CULTIVO DE TILAPIA (Oreochromis niloticus) EN TINAS CIRCULARES DE GEOMEMBRANA,PROYECTO INTEGRAL DE ACUACULTURA,TILAPIA,CAMPECHE,CARMEN,CARMEN,580440
2011,"S.C. CAYO ARCAS DE B. Y S. DE ALTURA, S.C. DE R.L.",402006217,REMODELACIÓN DE INSTALACIONES PARA CULTIVO DE TILAPIA (Oreochromis niloticus) EN TINAS CIRCULARES,PROYECTO INTEGRAL DE ACUACULTURA,TILAPIA,CAMPECHE,CARMEN,EL JOBAL,401679
2011,"S.C.P.P. MANIGUA, S.C. DE R.L.",410000921,CULTIVO DE TILAPIA (Oreochromis niloticus) EN TINAS CIRCULARES DE GEOMEMBRANA,PROYECTO INTEGRAL DE ACUACULTURA,TILAPIA,CAMPECHE,CARMEN,CARMEN,226006
2011,"SOCIEDAD ZACATAL CARMEN, S.C. DE R.L. DE C.V.",402006100,CONSTRUCCIÓN DE UNA GRANJA ACUÍCOLA PARA LA PRODUCCIÓN INTENSIVA DE LA MOJARRA TILAPIA EN EL EJIDO CHICBUL,PROYECTO INTEGRAL DE ACUACULTURA,TILAPIA,CAMPECHE,CARMEN,CHICBUL,966506
2011,"S.C.P. DE B.S. LAGUNA DE PANLAO, DE R.L.",402003214,CULTIVO DE TILAPIA EN TINAS DE GEOMEMBRANA,PROYECTO INTEGRAL DE ACUACULTURA,TILAPIA,CAMPECHE,CARMEN,CARMEN,207410
2011,"S.C.P.P. PESCADORES DE BANCO CHINCHORRO, S.C. DE R.L.",2302000787,EQUIPAMIENTO DEL CENTRO  DE ACOPIO DE LA S.C.P.P. PESCADORES DEL BANCO CHINCHORRO S.C. de R.L.,PROYECTO INTEGRAL PESQUERO,"ESCAMA MARINA, CARACOL Y LANGOSTA.",QUINTANA ROO,OTHON POMPEYO BLANCO,CHETUMAL,495498
2011,"S.C.P.P. LANGOSTEROS DEL CARIBE, S.C. DE .R.L.",2302001124,"CONSTRUCCIÓN Y EQUIPAMIENTO DE UN CUARTO DE CONCERVACIÓN EN EL CENTRO DE ACOPIO DE LA S.C.P.P. LANGOSTEROS DEL CARIBE, S.C. de R.L.",PROYECTO INTEGRAL PESQUERO,"ESCAMA MARINA, CARACOL Y LANGOSTA.",QUINTANA ROO,OTHON POMPEYO BLANCO,MAHAHUAL,1270313
2011,"S.C.P.P. COZUMEL, S.C. DE R.L.",2301000119,EQUIPAMIENTO DEL CENTRO  DE RECEPCIÓN DE PRODUCTOS PESQUEROS DE LA S.C.P.P. COZUMEL S.C. DE R.L.,PROYECTO INTEGRAL PESQUERO,ESCAMA MARINA Y LANGOSTA.,QUINTANA ROO,COZUMEL,COZUMEL,963476
2011,ANDREA LARA ROMÁN,2701001758,CONSTRUCCIÓN DE INFRAESTRUCTURA PARA LA CONSERVACIÓN DE PESCADOS EN FRONTERA TABASCO.,PROYECTO INTEGRAL PESQUERO,ESCAMA MARINA.,TABASCO,CENTLA,FRONTERA,1344858
2011,"S.C., LOS PESCADORES DEL COMPELJO, S.C. de R.L. de C.V.",2704002589,"EQIPO DE ACOPIO, CONSERVACIÓN DE PESCADOS Y MARISCOS.",PROYECTO INTEGRAL PESQUERO,ESCAMA MARINA.,TABASCO,CÁRDENAS,SÁNCHES MAGALLANES,527558
2011,"S.C.P.P. PASO DEL UBERAL, S.R.L. DE C.V.",2704000567,"CAPTURA DE PESCADO, ACOPIO Y CONSERVACIÓN PARA SU VENTA.",PROYECTO INTEGRAL PESQUERO,ESCAMA MARINA.,TABASCO,CÁRDENAS,PAILEBOT,511724
2011,"S.C.P.P., LAS PALMAS DE SÁNCHEZ MAGALLANES, S.R.L. de C.V.",2704002670,EQUIPO DE ACOPIO Y CONSERVACIÓN DE PESCADO PARA SU VENTA.,PROYECTO INTEGRAL PESQUERO,ESCAMA MARINA.,TABASCO,CÁRDENAS,SÁNCHES MAGALLANES,702190
2011,"CONSUMIDORES DE BIENES Y SERVICIOS, S.C. DE R.L.",N/D,CONSTRUCCIÓN DE CÁMARAS DE CONSERVACIÓN DE PRODUCTOS PESQUEROS.,PROYECTO INTEGRAL PESQUERO,ESCAMA MARINA.,TABASCO,PARAÍSO,VILLA CHILTEPEC,1018699
2011,"S.C.P.P. MECOACÁN, S.C.L.",2703000246,"REHABILITACIÓN, TECNIFICACIÓN Y MANTENIMIENTO DE LA GRANJA DE ENGORDA INTENSIVA DE OSTIÓN ""MECOACAN"".",PROYECTO INTEGRAL DE MARICULTURA,OSTIÓN,TABASCO,PARAÍSO,PUERTO CEIBA,564644
2011,JOSÉ DEL CARMEN HERNÁNDEZ PRIEGO,2702000635,"CULTIVO DE TILAPIA (Oreochromis niloticus) EN ESTANQUES CIRCULARES, LA OLLA.",PROYECTO INTEGRAL DE ACUACULTURA,TILAPIA,TABASCO,JONUTA,RIBERA BAJA 1a SECCIÓN,1020936
2011,"S.C.P.P. RINCÓN DE LAS FLORES, S.C. DE R.L.",2804001176,REMODELACIÓN Y EQUIPAMIENTO DE PLANTA DE PROCESO DE PRODUCTOS PESQUEROS.,PROYECTO INTEGRAL PESQUERO,"CAMARÓN, ESCAMA MARINA Y TIBURÓN.",TAMAULIPAS,MATAMOROS,MATAMOROS,1228300
2011,ORLANDO PASCUAL GONZÁLEZ LÓPEZ,2808006965,EQUIPAMIENTO DE PLANTA DE PROCESO DE PRODUCTOS PESQUEROS.,PROYECTO INTEGRAL PESQUERO,ESCAMA MARINA Y TIBURÓN.,TAMAULIPAS,TAMPICO,TAMPICO,457191
2011,MIGUEL ÁNGEL VILCHIS GÓMEZ,2808000166,"REHABILITACIÓN DE CENTRO DE ACOPIO DE PRODUCTOS PESQUEROS EN EL MUNICIPIO DE TAMPICO, TAMAULIPAS.",PROYECTO INTEGRAL PESQUERO,ESCAMA MARINA Y TIBURÓN.,TAMAULIPAS,TAMPICO,CASCAJAL,609563
2011,CYNTHIA PATRICIA URBINA DEL ÁNGEL,2808006692,"CONSTRUCCIÓN DE CENTRO DE ACOPIO PARA PRODUCTOS PROVENIENTES DEL MAR, EN EL MUNICIPIO DE TAMPICO.",PROYECTO INTEGRAL PESQUERO,CAMARÓN.,TAMAULIPAS,TAMPICO,TAMPICO,1184454
2011,MARTÍN HERNÁNDEZ HERNÁNDEZ,2808007542,"CONSTRUCCIÓN DE CENTRO DE ACOPIO DE PRODUCTOS PROVENIENTES DEL MAR, EN LA COLONIA GUERRERO, MUNICIPIO DE TAMPICO, TAMAULIPAS.",PROYECTO INTEGRAL PESQUERO,CAMARÓN .,TAMAULIPAS,TAMPICO,CASCAJAL,1092903
2011,"S.C.P.P. PLAN DE AYUTLA, S.C. DE R.L.",280400068,"UNIDAD PARA PRODUCCIÓN INTENSIVA DE TILAPIA ""PLAN DE AYUTLA"".",PROYECTO INTEGRAL DE ACUACULTURA,TILAPIA,TAMAULIPAS,MATAMOROS,EL GOMEÑO,1269289
2011,"PESCADOS Y MARISCOS MORA, S.A. DE C.V.",3010002933,"EQUIPAMIENTO DEL CENTRO DE ACOPIO Y CONSERVACIÓN, PESQUERA MORA.",PROYECTO INTEGRAL PESQUERO,CAMARÓN,VERACRUZ,TUXPAN,EJIDO LA VICTORIA,1153877
2011,"S.C.P.P.R. OSTIONEROS DEL SUR, S.C. DE R.L. DE C.V.",3004000158,REMODELACIÓN Y EQUIPAMIENTO DE PLANTA DE PROCESO DE PRODUCTOS PESQUEROS.,PROYECTO INTEGRAL PESQUERO,"ESCAMA, JAIBA, OSTIÓN Y CAMARÓN.",VERACRUZ,OZULUAMA,CUCHARAS,1161638
2011,"INDUSTRIALIZADORA DE PESCADOS Y MARISCOS, S.A.",3104000090,"MODERNIZACIÓN DE UNA PLANTA CONGELADORA DE PESCADOS Y MARISCOS UBICADA EN MERIDA, YUC.",PROYECTO INTEGRAL PESQUERO,ESCAMA MARINA Y PULPO,YUCATÁN,MERIDA,MERIDA,846642
2011,"LA RESERVA DE CELESTUN, S.C. DE R.L.",3101001075,"MARICULTIVO DE ESMEDREGAL, COVIA (Rachyventrum canadum) EN SISAL, YUC.",PROYECTO INTEGRAL DE MARICULTURA,ESMEDREGAL (Rechyventrum canadum),YUCATÁN,CELESTUN,CELESTUN,676855
2011,"S.C.P.P. PESCADORES DE SISAL, S.C. DE R.L.",3108000096,"REMODELACIÓN Y EQUIPAMIENTO DE UN CENTRO DE ACOPIO PARA PRODUCTOS PESQUEROS EN EL PUERTO DE PROGRESO, YUCATÁN.",PROYECTO INTEGRAL PESQUERO,"LANGOSTA, ESCAMA MARINA Y PULPO",YUCATÁN,PROGRESO,PROGRESO,1160737
2011,"S.S.S. X CAN HA, DE R.I.",3103000026,"REMODELACIÓN Y EQUIPAMIENTO DE UN CENTRO DE ACOPIO DE PRODUCTOS PESQUEROS PARA MEJORAR SU PROCESO Y CALIDAD EN LA LOCALIDAD DE MOCTEZUMA, TIZIMÍN, YUCATÁN.",PROYECTO INTEGRAL PESQUERO,ESCAMA MARINA Y PULPO,YUCATÁN,TIZIMIN,MOCTEZUMA,720348
2011,LORETO JAFIT MARRUFO ACEVEDO,3102001900,REMODELACIÓN DE UN CENTRO DE ACOPIO DE PRODUCTOS PESQUEROS UBICADO EN DZILAM DE BRAVO YUCATÁN.,PROYECTO INTEGRAL PESQUERO,ESCAMA MARINA Y PULPO,YUCATÁN,DZILAM DE BRAVO,DZILAM DE BRAVO,538766
2011,PEDRO NEMESIO NOH CUTZ,3102001298,"CONSTRUCCIÓN Y EQUIPAMIENTO DE UNA PLANTA PROCESADORA DE PRODUCTOS PESQUEROS EN EL MUNICIPIO DE DZILAM GONZÁLEZ, YUCATÁN.",PROYECTO INTEGRAL PESQUERO,ESCAMA MARINA Y PULPO,YUCATÁN,DZILAM GONZÁLEZ,DZILAM GONZÁLEZ,935743
