Año,Estado,Municipio,Localidad,Solicitudes_Recibidas,Solicitudes_Atendidas
2014,BAJA CALIFORNIA,ENSENADA,3 PARCELA,1,1
2014,BAJA CALIFORNIA,ENSENADA,BAHÍA DE LOS ÁNGELES,1,1
2014,BAJA CALIFORNIA,ENSENADA,CORONEL ESTEBAN CANTÚ,7,7
2014,BAJA CALIFORNIA,ENSENADA,EJIDO RUBÉN JARAMILLO,7,7
2014,BAJA CALIFORNIA,ENSENADA,EL SAUZAL,1,1
2014,BAJA CALIFORNIA,ENSENADA,ENSENADA,17,17
2014,BAJA CALIFORNIA,ENSENADA,ISLA DE CEDROS,6,6
2014,BAJA CALIFORNIA,ENSENADA,SANTO TOMÁS,3,3
2014,BAJA CALIFORNIA SUR,COMONDÚ,CIUDAD CONSTITUCIÓN,10,0
2014,BAJA CALIFORNIA SUR,COMONDÚ,"EJIDO SANTO DOMINGO, SIN NOMBRE",1,0
2014,BAJA CALIFORNIA SUR,COMONDÚ,EL CORRALITO,1,0
2014,BAJA CALIFORNIA SUR,COMONDÚ,LA PURÍSIMA,2,0
2014,BAJA CALIFORNIA SUR,COMONDÚ,LAS BARRANCAS,1,0
2014,BAJA CALIFORNIA SUR,COMONDÚ,PUERTO ADOLFO LÓPEZ MATEOS,12,0
2014,BAJA CALIFORNIA SUR,COMONDÚ,PUERTO ALCATRAZ (ISLA SANTA MARGARITA),8,0
2014,BAJA CALIFORNIA SUR,COMONDÚ,PUERTO MAGDALENA (BAHÍA MAGDALENA),7,0
2014,BAJA CALIFORNIA SUR,COMONDÚ,PUERTO SAN CARLOS,45,0
2014,BAJA CALIFORNIA SUR,COMONDÚ,RAMADITAS,1,0
2014,BAJA CALIFORNIA SUR,COMONDÚ,SANTO DOMINGO (VALLE SANTO DOMINGO),10,0
2014,BAJA CALIFORNIA SUR,COMONDÚ,SANTO DOMINGO VIEJO,8,0
2014,BAJA CALIFORNIA SUR,LA PAZ,A DÓNDE,2,0
2014,BAJA CALIFORNIA SUR,LA PAZ,AGUA AMARGA,46,0
2014,BAJA CALIFORNIA SUR,LA PAZ,AGUA BLANCA,1,0
2014,BAJA CALIFORNIA SUR,LA PAZ,LA PAZ,51,0
2014,BAJA CALIFORNIA SUR,LA PAZ,LEY FEDERAL DE REFORMA AGRARIA DOS,1,0
2014,BAJA CALIFORNIA SUR,LA PAZ,SAN PEDRO,3,0
2014,BAJA CALIFORNIA SUR,LA PAZ,SANTA RITA,4,0
2014,BAJA CALIFORNIA SUR,LA PAZ,SANTO DOMINGO VIEJO,1,0
2014,BAJA CALIFORNIA SUR,LORETO,LORETO,5,0
2014,BAJA CALIFORNIA SUR,MULEGÉ,LA BOCANA (LA BOCANITA),35,0
2014,BAJA CALIFORNIA SUR,MULEGÉ,SANTA ROSALÍA,18,0
2014,BAJA CALIFORNIA SUR ,COMONDÚ,CABO SAN LÁZARO (ISLA MAGDALENA),1,1
2014,BAJA CALIFORNIA SUR ,COMONDÚ,CIUDAD CONSTITUCIÓN,8,8
2014,BAJA CALIFORNIA SUR ,COMONDÚ,EL CORRALITO,1,1
2014,BAJA CALIFORNIA SUR ,COMONDÚ,EL PORVENIR,1,1
2014,BAJA CALIFORNIA SUR ,COMONDÚ,EL VOLCÁN (ISLA MAGDALENA),13,13
2014,BAJA CALIFORNIA SUR ,COMONDÚ,LA VIRGENCITA (ISLA MAGDALENA),1,1
2014,BAJA CALIFORNIA SUR ,COMONDÚ,LAS BARRANCAS,24,24
2014,BAJA CALIFORNIA SUR ,COMONDÚ,PUERTO ADOLFO LÓPEZ MATEOS,31,31
2014,BAJA CALIFORNIA SUR ,COMONDÚ,PUERTO MAGDALENA (BAHÍA MAGDALENA),10,10
2014,BAJA CALIFORNIA SUR ,COMONDÚ,PUERTO SAN CARLOS,35,35
2014,BAJA CALIFORNIA SUR ,COMONDÚ,"PUNTA ARENAS (ISLA MAGDALENA, PUERTO CARGUERO)",6,6
2014,BAJA CALIFORNIA SUR ,COMONDÚ,SAN JUANICO,20,20
2014,BAJA CALIFORNIA SUR ,COMONDÚ,SAN MARTÍN,1,1
2014,BAJA CALIFORNIA SUR ,COMONDÚ,SANTA MARÍA (ISLA MAGDALENA),1,1
2014,BAJA CALIFORNIA SUR ,COMONDÚ,SANTO DOMINGO (VALLE SANTO DOMINGO),1,1
2014,BAJA CALIFORNIA SUR ,LA PAZ,AGUA NUEVA,1,1
2014,BAJA CALIFORNIA SUR ,LA PAZ,EL PESCADERO,1,1
2014,BAJA CALIFORNIA SUR ,LA PAZ,LA PAZ,15,15
2014,BAJA CALIFORNIA SUR ,LA PAZ,SAN JUANITO,4,4
2014,BAJA CALIFORNIA SUR ,LA PAZ,TODOS SANTOS,20,20
2014,BAJA CALIFORNIA SUR ,MULEGÉ,BAHÍA ASUNCIÓN,43,43
2014,BAJA CALIFORNIA SUR ,MULEGÉ,BAHÍA TORTUGAS (SAN BARTOLOMÉ),94,94
2014,BAJA CALIFORNIA SUR ,MULEGÉ,ESTERO DE LA BOCANA,4,4
2014,BAJA CALIFORNIA SUR ,MULEGÉ,GUERRERO NEGRO,1,1
2014,BAJA CALIFORNIA SUR ,MULEGÉ,LA BOCANA (LA BOCANITA),7,7
2014,BAJA CALIFORNIA SUR ,MULEGÉ,PUNTA ABREOJOS,36,36
2014,BAJA CALIFORNIA SUR ,MULEGÉ,SAN HIPÓLITO (BAHÍA SAN HIPÓLITO),1,1
2014,BAJA CALIFORNIA SUR ,MULEGÉ,SANTA ROSALÍA,1,1
2014,CAMPECHE,CABORCA,HEROICA CABORCA,3,3
2014,CAMPECHE,CALKINÍ,ISLA ARENA (PUNTA ARENA),193,184
2014,CAMPECHE,CALKINÍ,TANKUCHÉ,7,3
2014,CAMPECHE,CAMPECHE,BETHANIA,1,1
2014,CAMPECHE,CAMPECHE,CAMPECHE,233,233
2014,CAMPECHE,CAMPECHE,IMI,1,1
2014,CAMPECHE,CAMPECHE,LEOPARDO,1,1
2014,CAMPECHE,CAMPECHE,LERMA,81,81
2014,CAMPECHE,CAMPECHE,SAN ANTONIO,1,1
2014,CAMPECHE,CANDELARIA,CANDELARIA,5,5
2014,CAMPECHE,CARMEN,ATASTA,12,12
2014,CAMPECHE,CARMEN,CIUDAD DEL CARMEN,159,159
2014,CAMPECHE,CARMEN,EL CARMEN,8,8
2014,CAMPECHE,CARMEN,EMILIANO ZAPATA,5,5
2014,CAMPECHE,CARMEN,ISLA AGUADA,112,112
2014,CAMPECHE,CARMEN,NUEVO CAMPECHITO,1,1
2014,CAMPECHE,CARMEN,NUEVO PROGRESO,2,2
2014,CAMPECHE,CARMEN,PLAN DE AYALA,2,2
2014,CAMPECHE,CARMEN,SABANCUY,101,101
2014,CAMPECHE,CARMEN,SAN ANTONIO CÁRDENAS,10,10
2014,CAMPECHE,CHAMPOTÓN,CHAMPOTÓN,228,228
2014,CAMPECHE,CHAMPOTÓN,CIUDAD DEL SOL,1,1
2014,CAMPECHE,CHAMPOTÓN,EL PORVENIR,3,3
2014,CAMPECHE,CHAMPOTÓN,LA JOYA,11,11
2014,CAMPECHE,CHAMPOTÓN,LA NORIA,1,1
2014,CAMPECHE,CHAMPOTÓN,PLAYA LA GUADALUPE,2,2
2014,CAMPECHE,CHAMPOTÓN,SAN FRANCISCO,1,1
2014,CAMPECHE,CHAMPOTÓN,SAN ISIDRO,2,2
2014,CAMPECHE,CHAMPOTÓN,SEYBAPLAYA,247,246
2014,CAMPECHE,CHAMPOTÓN,VILLA MADERO,50,50
2014,CAMPECHE,HALACHÓ,SIHÓ,1,1
2014,CAMPECHE,OCOSINGO,OCOSINGO,1,1
2014,CHIAPAS,ACAPETAHUA,ACAPETAHUA,10,10
2014,CHIAPAS,ACAPETAHUA,BARRA ZACAPULCO,22,22
2014,CHIAPAS,ACAPETAHUA,LA LUPE,15,15
2014,CHIAPAS,ACAPETAHUA,LA PALMA,19,19
2014,CHIAPAS,ACAPETAHUA,LAS GARZAS,1,1
2014,CHIAPAS,ACAPETAHUA,LAS LAURAS,9,9
2014,CHIAPAS,ACAPETAHUA,NAHUALAPA,2,2
2014,CHIAPAS,ACAPETAHUA,RÍO ARRIBA,9,9
2014,CHIAPAS,ARRIAGA,EMILIANO ZAPATA,17,17
2014,CHIAPAS,ARRIAGA,LA GLORIA,28,28
2014,CHIAPAS,CATAZAJÁ,CATAZAJÁ,13,13
2014,CHIAPAS,CATAZAJÁ,EL PAJONAL,1,1
2014,CHIAPAS,CATAZAJÁ,EL REMOLINO 1A. SECCIÓN,1,1
2014,CHIAPAS,CATAZAJÁ,PUNTA ARENA,3,3
2014,CHIAPAS,ESCUINTLA,ESCUINTLA,1,1
2014,CHIAPAS,FRONTERA COMALAPA,FRONTERA COMALAPA,1,1
2014,CHIAPAS,LA CONCORDIA,DIAMANTE DE ECHEVERRÍA,8,8
2014,CHIAPAS,LA CONCORDIA,GUADALUPE,1,1
2014,CHIAPAS,LA CONCORDIA,IGNACIO ZARAGOZA,24,24
2014,CHIAPAS,LA CONCORDIA,LA CONCORDIA,24,24
2014,CHIAPAS,LA CONCORDIA,NIÑOS HÉROES,13,13
2014,CHIAPAS,LA CONCORDIA,PLAN DE AGUA PRIETA,20,20
2014,CHIAPAS,LA LIBERTAD,LA LIBERTAD,11,11
2014,CHIAPAS,MAPASTEPEC,EL CASTAÑO,18,18
2014,CHIAPAS,MAPASTEPEC,SANTA ISABEL,2,2
2014,CHIAPAS,MAZATÁN,SAN JOSÉ EL HUAYATE (BARRA DE SAN JOSÉ),15,15
2014,CHIAPAS,PIJIJIAPAN,BARRA SANTIAGO,3,3
2014,CHIAPAS,PIJIJIAPAN,BUENAVISTA,1,1
2014,CHIAPAS,PIJIJIAPAN,CENICEROS,33,33
2014,CHIAPAS,PIJIJIAPAN,EL PALMARCITO,63,63
2014,CHIAPAS,PIJIJIAPAN,EL ZAPOTAL,56,56
2014,CHIAPAS,PIJIJIAPAN,EMBARCADERO PALO BLANCO,1,1
2014,CHIAPAS,PIJIJIAPAN,GUADALUPE,1,1
2014,CHIAPAS,PIJIJIAPAN,ISLA MORELOS,6,6
2014,CHIAPAS,PIJIJIAPAN,LA ESPERANZA,1,1
2014,CHIAPAS,PIJIJIAPAN,LA ESPERANZA (EL ZAPOTAL),33,33
2014,CHIAPAS,PIJIJIAPAN,LAS BRISAS,57,57
2014,CHIAPAS,PIJIJIAPAN,LAS CUACHES,35,35
2014,CHIAPAS,PIJIJIAPAN,MANCOMÚN COMUNIDAD CARRETA,1,1
2014,CHIAPAS,PIJIJIAPAN,PALMARIO,2,2
2014,CHIAPAS,PIJIJIAPAN,PIJIJIAPAN,41,41
2014,CHIAPAS,PIJIJIAPAN,SANTA CRUZ (PALO BLANCO),1,1
2014,CHIAPAS,TAPACHULA,BARRA DE CAHUACAN (LAS GAVIOTAS),2,2
2014,CHIAPAS,TAPACHULA,GUADALUPE,1,1
2014,CHIAPAS,TAPACHULA,PUERTO MADERO (SAN BENITO),202,202
2014,CHIAPAS,TAPACHULA,TAPACHULA DE CÓRDOVA Y ORDÓÑEZ,10,10
2014,CHIAPAS,TONALÁ,BOCA DEL CIELO,29,29
2014,CHIAPAS,TONALÁ,CABEZA DE TORO,27,27
2014,CHIAPAS,TONALÁ,EL VERGEL (MANUEL VELASCO SUÁREZ),1,1
2014,CHIAPAS,TONALÁ,HUIZACHAL,1,1
2014,CHIAPAS,TONALÁ,MANUEL ÁVILA CAMACHO (PONTE DURO),3,3
2014,CHIAPAS,TONALÁ,PAREDÓN,165,165
2014,CHIAPAS,TONALÁ,PUEBLO NUEVO (SAN CAYETANO),1,1
2014,CHIAPAS,TONALÁ,TONALÁ,1,1
2014,CHIAPAS,VILLA CORZO,BELLAVISTA,2,2
2014,CHIAPAS,VILLA CORZO,EL CIELITO (BUENAVISTA),1,1
2014,CHIAPAS,VILLA CORZO,EL MIRADOR,1,1
2014,CHIAPAS,VILLA CORZO,EL PARRAL,2,2
2014,CHIAPAS,VILLA CORZO,EMBARCADERO DE JERICÓ (EL SIGLO),5,5
2014,CHIAPAS,VILLA CORZO,ESQUIPULAS,1,1
2014,CHIAPAS,VILLA CORZO,JERICÓ (PORVENIR JERICÓ),17,17
2014,CHIAPAS,VILLA CORZO,LOMA BONITA,1,1
2014,CHIAPAS,VILLA CORZO,MANUEL ÁVILA CAMACHO,15,15
2014,CHIAPAS,VILLA CORZO,REVOLUCIÓN MEXICANA,6,6
2014,CHIAPAS,VILLA CORZO,SAN JULIÁN,1,1
2014,CHIAPAS,VILLA CORZO,SANTIAGO,2,2
2014,CHIAPAS,VILLA CORZO,VALLE MORELOS,5,5
2014,CHIAPAS,VILLA CORZO,VILLA CORZO,10,10
2014,COLIMA,ARMERÍA,ARMERÍA,1,1
2014,COLIMA,ARMERÍA,EL PARAÍSO (BALNEARIO),7,7
2014,COLIMA,MANZANILLO,EL COLOMO,1,1
2014,COLIMA,MANZANILLO,MANZANILLO,4,4
2014,GUERRERO,ACAPULCO DE JUÁREZ,ACAPULCO DE JUÁREZ,9,9
2014,GUERRERO,ACAPULCO DE JUÁREZ,CANDELILLA (LAS PALMITAS),2,2
2014,GUERRERO,ACAPULCO DE JUÁREZ,COLONIA CINCO DE MAYO PARTE ALTA,1,1
2014,GUERRERO,ACAPULCO DE JUÁREZ,EL ARENAL,2,2
2014,GUERRERO,ACAPULCO DE JUÁREZ,SAN PEDRO LAS PLAYAS,7,7
2014,GUERRERO,ACAPULCO DE JUÁREZ,TRES PALOS,2,2
2014,GUERRERO,FLORENCIO VILLARREAL,BOCA DEL RÍO,2,2
2014,GUERRERO,MARQUELIA,LA BARRA DE TECOANAPA (BARRA DE TECOANAPA),18,18
2014,HIDALGO,ALFAJAYUCAN,ALFAJAYUCAN,1,1
2014,HIDALGO,ALFAJAYUCAN,CEBOLLETAS,2,2
2014,HIDALGO,ALFAJAYUCAN,LA HUAPILLA,5,5
2014,HIDALGO,ALFAJAYUCAN,SAN ANTONIO CORRALES,13,13
2014,HIDALGO,ALFAJAYUCAN,ZOZEA,5,5
2014,HIDALGO,CADEREYTA DE MONTES,BELLAVISTA DEL RÍO,1,1
2014,HIDALGO,CADEREYTA DE MONTES,CERRO PRIETO,1,1
2014,HIDALGO,TASQUILLO,CUAUHTÉMOC,2,2
2014,HIDALGO,TASQUILLO,EL EPAZOTE,12,12
2014,HIDALGO,TASQUILLO,LA FLORIDA,4,4
2014,HIDALGO,TASQUILLO,NOXTHEY,46,45
2014,HIDALGO,TECOZAUTLA,ALJIBES,2,2
2014,HIDALGO,TECOZAUTLA,EL PASO,18,18
2014,HIDALGO,TECOZAUTLA,EL RIÍTO,15,15
2014,HIDALGO,TECOZAUTLA,LA CRUZ,1,1
2014,HIDALGO,TECOZAUTLA,MANGUANI,23,23
2014,HIDALGO,TECOZAUTLA,TZIDEJHE,4,4
2014,HIDALGO,ZIMAPÁN,EL CARRIZAL,1,1
2014,HIDALGO,ZIMAPÁN,EL SAUCILLO,9,9
2014,HIDALGO,ZIMAPÁN,LA CRUZ (EJIDO DE LA CRUZ),2,2
2014,HIDALGO,ZIMAPÁN,LLANO SEGUNDO,7,7
2014,HIDALGO,ZIMAPÁN,PONTIHU,1,1
2014,HIDALGO,ZIMAPÁN,PUETZEY,1,1
2014,HIDALGO,ZIMAPÁN,TAXTHO,1,1
2014,HIDALGO,ZIMAPÁN,VICENTE GUERRERO (EL TABLÓN),8,8
2014,HIDALGO,ZIMAPÁN,YETHAY,5,5
2014,JALISCO,ACATLÁN DE JUÁREZ,SAN PEDRO VALENCIA,1,1
2014,JALISCO,AMATITÁN,AMATITÁN,21,21
2014,JALISCO,AYUTLA,EL ARRAYÁN,1,1
2014,JALISCO,AYUTLA,EL SALTO (CERRITOS),3,3
2014,JALISCO,BUENAVISTA,FELIPE CARRILLO PUERTO (LA RUANA),5,5
2014,JALISCO,BUENAVISTA,SAN JOSÉ PIEDRAS BLANCAS (SAN JOSÉ),2,2
2014,JALISCO,CABO CORRIENTES,CHIMO,6,6
2014,JALISCO,CABO CORRIENTES,EL TUITO,2,2
2014,JALISCO,CABO CORRIENTES,IPALA,1,1
2014,JALISCO,CABO CORRIENTES,LAS ANIMAS DE SUCHITLÁN,1,1
2014,JALISCO,CABO CORRIENTES,LOS CORRALES,6,6
2014,JALISCO,CABO CORRIENTES,PIZOTA,3,3
2014,JALISCO,CABO CORRIENTES,QUIMIXTO,1,1
2014,JALISCO,CABO CORRIENTES,TEHUAMIXTLE (TEHUALMIXTLE),11,11
2014,JALISCO,CABO CORRIENTES,VILLA DEL MAR,1,1
2014,JALISCO,CABO CORRIENTES,YELAPA,10,10
2014,JALISCO,CHAPALA,CHAPALA,67,67
2014,JALISCO,CHAPALA,EL TECOLOTE,1,1
2014,JALISCO,CHAPALA,SAN ANTONIO TLAYACAPAN,3,3
2014,JALISCO,CHAPALA,SANTA CRUZ DE LA SOLEDAD,1,1
2014,JALISCO,CIHUATLÁN,BARRA DE NAVIDAD,33,33
2014,JALISCO,CIHUATLÁN,CIHUATLÁN,2,2
2014,JALISCO,CIHUATLÁN,COLONIA PINAL VILLA,1,1
2014,JALISCO,CIHUATLÁN,SAN PATRICIO (MELAQUE),20,20
2014,JALISCO,COJUMATLÁN DE RÉGULES,PETATÁN (ISLA DE PETATÁN),1,1
2014,JALISCO,JAMAY,JAMAY,69,69
2014,JALISCO,JAMAY,LA MALTARAÑA (LA PALMITA),19,18
2014,JALISCO,JILOTLÁN DE LOS DOLORES,AGUA CALIENTE,4,4
2014,JALISCO,JILOTLÁN DE LOS DOLORES,CHILATÁN,66,66
2014,JALISCO,JILOTLÁN DE LOS DOLORES,CHILATÁN NUEVO,1,1
2014,JALISCO,JILOTLÁN DE LOS DOLORES,CORONGOROS,4,4
2014,JALISCO,JILOTLÁN DE LOS DOLORES,EL TERRERO,2,2
2014,JALISCO,JILOTLÁN DE LOS DOLORES,JILOTLÁN DE LOS DOLORES,7,7
2014,JALISCO,JILOTLÁN DE LOS DOLORES,LA PRESA,2,2
2014,JALISCO,JILOTLÁN DE LOS DOLORES,LOS COPALES,1,1
2014,JALISCO,JILOTLÁN DE LOS DOLORES,PIEDRAS BLANCAS,1,1
2014,JALISCO,JILOTLÁN DE LOS DOLORES,RANCHO NUEVO (EL MURCIÉLAGO),16,16
2014,JALISCO,JILOTLÁN DE LOS DOLORES,SAN JOSÉ,2,2
2014,JALISCO,JOCOTEPEC,SAN JUAN CÓSALA,2,2
2014,JALISCO,LA HUERTA,AGUA CALIENTE NUEVA,1,1
2014,JALISCO,LA HUERTA,CHAMELA,14,14
2014,JALISCO,LA HUERTA,EMILIANO ZAPATA,4,4
2014,JALISCO,LA HUERTA,FRANCISCO VILLA,9,9
2014,JALISCO,LA HUERTA,LA HUERTA,3,3
2014,JALISCO,LA HUERTA,LA MANZANILLA,17,17
2014,JALISCO,LA HUERTA,PERULA,44,44
2014,JALISCO,LA HUERTA,SAN MATEO,3,3
2014,JALISCO,MANZANILLO,LA CULEBRA,1,1
2014,JALISCO,MANZANILLO,LA CULEBRA (COLIMILLA),2,2
2014,JALISCO,MANZANILLO,MANZANILLO,1,1
2014,JALISCO,OCOTLÁN,AGUA CALIENTE,2,2
2014,JALISCO,OCOTLÁN,EL FUERTE,6,6
2014,JALISCO,OCOTLÁN,OCOTLÁN,151,151
2014,JALISCO,PONCITLÁN,AGUA CALIENTE,19,19
2014,JALISCO,PONCITLÁN,CHALPICOTE,10,10
2014,JALISCO,PONCITLÁN,CUESTA DE MEZCALA,3,3
2014,JALISCO,PONCITLÁN,CUITZEO (LA ESTANCIA),3,3
2014,JALISCO,PONCITLÁN,EL GUSANO (EL MEZQUITE),4,4
2014,JALISCO,PONCITLÁN,EL ROMEREÑO (INFONAVIT),1,1
2014,JALISCO,PONCITLÁN,EL ZAPOTE,2,2
2014,JALISCO,PONCITLÁN,LA OCOTERITA (LA OCOTERA CHICA),1,1
2014,JALISCO,PONCITLÁN,LA PEÑA,1,1
2014,JALISCO,PONCITLÁN,LA ZAPOTERA,35,35
2014,JALISCO,PONCITLÁN,MEZCALA,23,23
2014,JALISCO,PONCITLÁN,PONCITLÁN,2,2
2014,JALISCO,PONCITLÁN,SAN JUAN TECOMATLÁN,6,6
2014,JALISCO,PONCITLÁN,SAN PEDRO ITZICAN,36,36
2014,JALISCO,PUERTO VALLARTA,BOCA DE TOMATLÁN,10,10
2014,JALISCO,PUERTO VALLARTA,IXTAPA,1,1
2014,JALISCO,PUERTO VALLARTA,LAS JUNTAS,2,2
2014,JALISCO,PUERTO VALLARTA,PUERTO VALLARTA,26,26
2014,JALISCO,SANTA MARÍA DEL ORO,SANTA MARÍA DEL ORO,2,2
2014,JALISCO,TALA,CASTRO URDIALES (PACANA),2,2
2014,JALISCO,TEPALCATEPEC,NUEVO CORONGOROS,2,2
2014,JALISCO,TEPALCATEPEC,TEPALCATEPEC,6,6
2014,JALISCO,TEUCHITLÁN,AGUA CALIENTE (LOS HERVORES),1,1
2014,JALISCO,TEUCHITLÁN,LA ESTANZUELA,37,37
2014,JALISCO,TEUCHITLÁN,TEUCHITLÁN,29,29
2014,JALISCO,TIZAPÁN EL ALTO,MISMALOYA,69,69
2014,JALISCO,TIZAPÁN EL ALTO,TIZAPÁN EL ALTO,21,21
2014,JALISCO,TIZAPÁN EL ALTO,VILLA DEL LAGO (EL BARATILLO),2,2
2014,JALISCO,TLAQUEPAQUE,TLAQUEPAQUE,14,14
2014,JALISCO,TOMATLÁN,CAMPO ACOSTA,1,1
2014,JALISCO,TOMATLÁN,JOSÉ MARÍA MORELOS (AGUA PALOMA),2,2
2014,JALISCO,TOMATLÁN,LA CRUZ DE LORETO,1,1
2014,JALISCO,TOMATLÁN,LOS DIQUES,3,3
2014,JALISCO,TOMATLÁN,PRESA CAJÓN DE PEÑA (LA PRESA),1,1
2014,JALISCO,TOMATLÁN,TOMATLÁN,1,1
2014,JALISCO,TUXCUECA,PUERTO CORONA,2,2
2014,JALISCO,TUXCUECA,PURAGUA DE RAMÓN CORONA,1,1
2014,JALISCO,TUXCUECA,SAN LUIS SOYATLÁN,1,1
2014,JALISCO,TUXCUECA,TUXCUECA,9,9
2014,JALISCO,UNIÓN DE TULA,COLONIA TRIGOMIL,2,2
2014,JALISCO,UNIÓN DE TULA,TACOTÁN (LA ALPATAHUA),1,1
2014,JALISCO,VALLE DE GUADALUPE,PALO CAÍDO,1,1
2014,JALISCO,ZAPOPAN,PALO GORDO,2,2
2014,MICHOACÁN,ÁLVARO OBREGÓN,ADOLFO RUIZ CORTINES,4,4
2014,MICHOACÁN,ÁLVARO OBREGÓN,LA MINA,18,18
2014,MICHOACÁN,ANGAMACUTIRO,CURICIPO,1,1
2014,MICHOACÁN,AQUILA,AQUILA,1,1
2014,MICHOACÁN,AQUILA,ARENAS BLANCAS,1,1
2014,MICHOACÁN,AQUILA,EL FARO DE BUCERÍAS,3,3
2014,MICHOACÁN,AQUILA,EL ZAPOTE DE LAS VIEJAS,1,1
2014,MICHOACÁN,AQUILA,LA LLORONA,1,1
2014,MICHOACÁN,AQUILA,LA MANZANILLA,2,2
2014,MICHOACÁN,AQUILA,LA PLACITA DE MORELOS,2,2
2014,MICHOACÁN,AQUILA,MARUATA,17,17
2014,MICHOACÁN,AQUILA,PICHILINGUILLO,1,1
2014,MICHOACÁN,AQUILA,PLAYA DE LA MULA,1,1
2014,MICHOACÁN,AQUILA,ZAPOTE DE TIZUPAN,4,4
2014,MICHOACÁN,ARTEAGA,LA PINZANERA,1,1
2014,MICHOACÁN,ARTEAGA,PINZANDARÁN,6,6
2014,MICHOACÁN,BRISEÑAS,BRISEÑAS DE MATAMOROS,8,8
2014,MICHOACÁN,BRISEÑAS,IBARRA,6,6
2014,MICHOACÁN,CABORCA,HEROICA CABORCA,2,2
2014,MICHOACÁN,CHURUMUCO,CHURUMUCO DE MORELOS,28,28
2014,MICHOACÁN,CHURUMUCO,EL CUERAMATO,1,1
2014,MICHOACÁN,CHURUMUCO,LOMA EL GUAYACÁN,2,2
2014,MICHOACÁN,CHURUMUCO,LOS CIMIENTOS,3,3
2014,MICHOACÁN,CHURUMUCO,SAN ANTONIO,1,1
2014,MICHOACÁN,CHURUMUCO,SAN MARTÍN DE LA LUZ,4,4
2014,MICHOACÁN,COAHUAYANA,BOCA DE APIZA,23,22
2014,MICHOACÁN,COAHUAYANA,COAHUAYANA DE HIDALGO,5,5
2014,MICHOACÁN,COAHUAYANA,OJO DE AGUA DE SAN TELMO,1,0
2014,MICHOACÁN,COAHUAYUTLA DE JOSÉ MARÍA IZAZAGA,COAHUAYUTLA DE GUERRERO,2,2
2014,MICHOACÁN,COAHUAYUTLA DE JOSÉ MARÍA IZAZAGA,LA CAJITA,1,1
2014,MICHOACÁN,COAHUAYUTLA DE JOSÉ MARÍA IZAZAGA,LA CALERA,1,1
2014,MICHOACÁN,COAHUAYUTLA DE JOSÉ MARÍA IZAZAGA,LA CALERITA,1,1
2014,MICHOACÁN,COJUMATLÁN DE RÉGULES,CALLEJÓN DE LA CALERA,7,7
2014,MICHOACÁN,COJUMATLÁN DE RÉGULES,COJUMATLÁN DE RÉGULES,18,18
2014,MICHOACÁN,COJUMATLÁN DE RÉGULES,LA PUNTITA,9,9
2014,MICHOACÁN,COJUMATLÁN DE RÉGULES,LOS ROBLES,1,1
2014,MICHOACÁN,COJUMATLÁN DE RÉGULES,PALO ALTO,15,15
2014,MICHOACÁN,COJUMATLÁN DE RÉGULES,PETATÁN (ISLA DE PETATÁN),46,46
2014,MICHOACÁN,COJUMATLÁN DE RÉGULES,PUERTA DE COJUMATLÁN (LA PUERTA),1,1
2014,MICHOACÁN,COJUMATLÁN DE RÉGULES,PUERTO DE LEÓN,7,7
2014,MICHOACÁN,COJUMATLÁN DE RÉGULES,RINCÓN DE MARÍA,26,26
2014,MICHOACÁN,CONTEPEC,SALTO DE TEPUXTEPEC (TEPUXTEPEC),6,6
2014,MICHOACÁN,CUITZEO,MARIANO ESCOBEDO (SAN LORENZO),1,1
2014,MICHOACÁN,LA HUACANA,BELLAS FUENTES (NUEVO CENTRO),6,6
2014,MICHOACÁN,LA HUACANA,EL CANELO,2,2
2014,MICHOACÁN,LA HUACANA,EL COLORADO,1,1
2014,MICHOACÁN,LA HUACANA,EL VALLE (EL VALLECITO),1,1
2014,MICHOACÁN,LA HUACANA,GUADALUPE DE OROPEO,1,1
2014,MICHOACÁN,LA HUACANA,HACIENDA VIEJA,1,1
2014,MICHOACÁN,LA HUACANA,LA HUACANA,1,1
2014,MICHOACÁN,LA HUACANA,LAS CRUCES (LAS CRUCITAS),3,3
2014,MICHOACÁN,LA HUACANA,PIEDRA VERDE,2,2
2014,MICHOACÁN,LA HUACANA,POTRERILLOS DE RENTERÍA (CUPUANCILLO),7,7
2014,MICHOACÁN,LA HUACANA,ZICUIRÁN,1,1
2014,MICHOACÁN,LÁZARO CÁRDENAS,ACALPICAN DE MORELOS,1,1
2014,MICHOACÁN,LÁZARO CÁRDENAS,BAHÍA BUFADERO (CALETA DE CAMPOS),1,1
2014,MICHOACÁN,LÁZARO CÁRDENAS,CHUCUTITÁN,1,1
2014,MICHOACÁN,LÁZARO CÁRDENAS,CIUDAD LÁZARO CÁRDENAS,5,5
2014,MICHOACÁN,LÁZARO CÁRDENAS,LAS GUACAMAYAS,24,24
2014,MICHOACÁN,LÁZARO CÁRDENAS,LAS PEÑAS,1,1
2014,MICHOACÁN,LÁZARO CÁRDENAS,LLANITOS DEL BEJUCO (EL BEJUCO),2,2
2014,MICHOACÁN,LÁZARO CÁRDENAS,PLAYA AZUL,5,5
2014,MICHOACÁN,MÚGICA,GÁMBARA,8,8
2014,MICHOACÁN,MÚGICA,NUEVO CAPIRIO (CAPIRIO NUEVO),1,1
2014,MICHOACÁN,PURUÁNDIRO,PURUÁNDIRO,1,1
2014,MICHOACÁN,PURUÁNDIRO,VILLACHUATO,4,4
2014,MICHOACÁN,SAHUAYO,SAHUAYO DE MORELOS,1,1
2014,MICHOACÁN,TECOMÁN,CERRO DE ORTEGA,1,1
2014,MICHOACÁN,TIZAPÁN EL ALTO,TIZAPÁN EL ALTO,1,1
2014,MICHOACÁN,VENUSTIANO CARRANZA,LA PALMA (LA PALMA DE JESÚS),104,104
2014,MICHOACÁN,VENUSTIANO CARRANZA,LA ZABILA,1,1
2014,MICHOACÁN,VENUSTIANO CARRANZA,VENUSTIANO CARRANZA,31,31
2014,NAYARIT,BAHÍA DE BANDERAS,BUCERÍAS,7,7
2014,NAYARIT,BAHÍA DE BANDERAS,CRUZ DE HUANACAXTLE,11,11
2014,NAYARIT,BAHÍA DE BANDERAS,FRACCIONAMIENTO EMILIANO ZAPATA,1,1
2014,NAYARIT,COMPOSTELA,CHACALA,6,6
2014,NAYARIT,COMPOSTELA,COMPOSTELA,1,1
2014,NAYARIT,COMPOSTELA,LA PEÑITA DE JALTEMBA,6,6
2014,NAYARIT,COMPOSTELA,LOS AYALA,2,2
2014,NAYARIT,COMPOSTELA,RINCÓN DE GUAYABITOS,2,2
2014,NAYARIT,ROSAMORADA,FRANCISCO VILLA (EL RETIRO),2,2
2014,NAYARIT,ROSAMORADA,LLANO DEL TIGRE,58,58
2014,NAYARIT,ROSAMORADA,PERICOS,25,25
2014,NAYARIT,ROSAMORADA,PESCADERO,80,80
2014,NAYARIT,ROSAMORADA,PIMIENTILLO,10,10
2014,NAYARIT,ROSAMORADA,ROSAMORADA,1,1
2014,NAYARIT,ROSAMORADA,SAN MIGUEL,27,27
2014,NAYARIT,ROSAMORADA,SAN MIGUELITO,28,28
2014,NAYARIT,SAN BLAS,BOCA DEL ASADERO,6,6
2014,NAYARIT,SAN BLAS,LAURELES Y GÓNGORA (EL LIMÓN),3,3
2014,NAYARIT,SAN BLAS,SAN BLAS,34,30
2014,NAYARIT,SANTIAGO IXCUINTLA,BOCA DE CAMICHÍN,63,63
2014,NAYARIT,SANTIAGO IXCUINTLA,EL CARRIZO,2,2
2014,NAYARIT,SANTIAGO IXCUINTLA,EL FAMOSO,1,1
2014,NAYARIT,SANTIAGO IXCUINTLA,MEXCALTITÁN DE URIBE (ISLA DE MEXCALTITÁN),10,10
2014,NAYARIT,SANTIAGO IXCUINTLA,PALMAR DE CUAUTLA (CUAUTLA),31,31
2014,NAYARIT,SANTIAGO IXCUINTLA,PUERTA DE PALAPARES,18,18
2014,NAYARIT,TECUALA,ANTONIO R. LAURELES,16,16
2014,NAYARIT,TECUALA,COMUNIDAD INDÍGENA PUENTE EL COACOYUL (EL SUSPIRO),5,5
2014,NAYARIT,TECUALA,EL ESPINAL,4,4
2014,NAYARIT,TECUALA,EL FILO,1,1
2014,NAYARIT,TECUALA,EL MACHO,3,3
2014,NAYARIT,TECUALA,LOS MORILLOS,11,11
2014,NAYARIT,TECUALA,NOVILLERO,12,12
2014,NAYARIT,TECUALA,SAN CAYETANO,3,3
2014,NAYARIT,TECUALA,TECUALA,6,6
2014,NAYARIT,TUXPAN,UNIÓN DE CORRIENTES,4,4
2014,OAXACA,JUCHITÁN DE ZARAGOZA,ÁLVARO OBREGÓN,9,9
2014,OAXACA,JUCHITÁN DE ZARAGOZA,PLAYA SAN VICENTE,17,17
2014,OAXACA,JUCHITÁN DE ZARAGOZA,SANTA MARÍA DEL MAR,16,16
2014,OAXACA,SALINA CRUZ,ENSENADA DE LA VENTOSA (BAHÍA LA VENTOSA),1,1
2014,OAXACA,SALINA CRUZ,SALINA CRUZ,7,7
2014,OAXACA,SALINA CRUZ,SALINAS DEL MARQUÉS,3,3
2014,OAXACA,SAN DIONISIO DEL MAR,HUAMÚCHIL,41,41
2014,OAXACA,SAN DIONISIO DEL MAR,SAN DIONISIO DEL MAR,34,34
2014,OAXACA,SAN FRANCISCO DEL MAR,PUERTO ESTERO,2,2
2014,OAXACA,SAN FRANCISCO DEL MAR,SAN FRANCISCO DEL MAR,13,13
2014,OAXACA,SAN MATEO DEL MAR,SAN MATEO DEL MAR,7,7
2014,OAXACA,SAN PEDRO HUAMELULA,EL COYUL,2,2
2014,OAXACA,SAN PEDRO MIXTEPEC -DTO. 22 -,BAJOS DE CHILA,1,1
2014,OAXACA,SAN PEDRO MIXTEPEC -DTO. 22 -,PUERTO ESCONDIDO,18,18
2014,OAXACA,SAN PEDRO MIXTEPEC -DTO. 22 -,SAN MIGUEL (COLONIA SAN MIGUEL),1,1
2014,OAXACA,SAN PEDRO MIXTEPEC -DTO. 22 -,SAN PEDRO MIXTEPEC -DTO. 22 -,5,5
2014,OAXACA,SAN PEDRO MIXTEPEC -DTO. 22 -,SECTOR REFORMA C,1,1
2014,OAXACA,SAN PEDRO POCHUTLA,PUERTO ÁNGEL,31,31
2014,OAXACA,SAN PEDRO POCHUTLA,SAN PEDRO POCHUTLA,4,4
2014,OAXACA,SANTA MARÍA COLOTEPEC,BRISAS DE ZICATELA,1,1
2014,OAXACA,SANTA MARÍA COLOTEPEC,COLONIA LIBERTAD,2,2
2014,OAXACA,SANTA MARÍA COLOTEPEC,MARINERO,1,1
2014,OAXACA,SANTA MARÍA COLOTEPEC,SANTA MARÍA COLOTEPEC,2,2
2014,OAXACA,SANTIAGO PINOTEPA NACIONAL,CORRALERO,11,11
2014,OAXACA,SANTIAGO PINOTEPA NACIONAL,SANTIAGO PINOTEPA NACIONAL,3,3
2014,OAXACA,SANTO DOMINGO TEHUANTEPEC,SANTA GERTRUDIS MIRAMAR (EL CARRIZAL),2,2
2014,OAXACA,VILLA DE TUTUTEPEC DE MELCHOR OCAMPO,EL ZAPOTALITO,4,4
2014,OAXACA,VILLA DE TUTUTEPEC DE MELCHOR OCAMPO,SAN JOSÉ MANIALTEPEC,1,1
2014,OAXACA,VILLA DE TUTUTEPEC DE MELCHOR OCAMPO,VILLA DE TUTUTEPEC DE MELCHOR OCAMPO,1,1
2014,QUERETARO,CADEREYTA DE MONTES,BELLAVISTA DEL RÍO,10,10
2014,QUERETARO,CADEREYTA DE MONTES,CADEREYTA DE MONTES,1,1
2014,QUERETARO,CADEREYTA DE MONTES,RANCHO NUEVO,1,1
2014,QUERETARO,CADEREYTA DE MONTES,TZIBANTZÁ,47,47
2014,QUERETARO,CADEREYTA DE MONTES,TZIQUIA,2,2
2014,QUERETARO,CADEREYTA DE MONTES,XIDHÍ,3,3
2014,QUERETARO,CADEREYTA DE MONTES,XODHÉ,10,10
2014,QUERETARO,SAN JUAN DEL RÍO,LA ESTANCIA,4,4
2014,QUINTANA ROO,LÁZARO CÁRDENAS,CHIQUILA,22,22
2014,QUINTANA ROO,LÁZARO CÁRDENAS,HOLBOX,14,14
2014,QUINTANA ROO,LÁZARO CÁRDENAS,SOLFERINO,5,5
2014,SINALOA,AHOME,AHOME,2,2
2014,SINALOA,AHOME,BACHOMOBAMPO NÚMERO DOS,5,5
2014,SINALOA,AHOME,BACOREHUIS,73,73
2014,SINALOA,AHOME,CAMPO GASTELUM,1,1
2014,SINALOA,AHOME,CARRIZO GRANDE,1,1
2014,SINALOA,AHOME,COHUIBAMPO,1,1
2014,SINALOA,AHOME,COMPUERTAS,3,3
2014,SINALOA,AHOME,EL AGUAJITO,70,70
2014,SINALOA,AHOME,EL ALHUATE,11,11
2014,SINALOA,AHOME,EL COLORADO,250,250
2014,SINALOA,AHOME,EL HECHO,20,20
2014,SINALOA,AHOME,EL REFUGIO,1,1
2014,SINALOA,AHOME,FLOR AZUL,2,2
2014,SINALOA,AHOME,HIGUERA DE ZARAGOZA,5,5
2014,SINALOA,AHOME,HUACAPORITO,1,1
2014,SINALOA,AHOME,JITZAMURI,101,101
2014,SINALOA,AHOME,LA CAPILLA,1,1
2014,SINALOA,AHOME,LAS GRULLAS MARGEN DERECHA,15,15
2014,SINALOA,AHOME,LAS GRULLAS MARGEN IZQUIERDA,29,29
2014,SINALOA,AHOME,LAS LAJITAS,36,36
2014,SINALOA,AHOME,LÁZARO CÁRDENAS (MUELLECITO),45,45
2014,SINALOA,AHOME,LOS MOCHIS,19,19
2014,SINALOA,AHOME,MACAPULE,5,5
2014,SINALOA,AHOME,OHUIRA,3,3
2014,SINALOA,AHOME,PAREDONES,81,81
2014,SINALOA,AHOME,PLAN DE ÁYALA VIEJO,1,1
2014,SINALOA,AHOME,POBLADO NÚMERO CINCO,46,44
2014,SINALOA,AHOME,PRIMERO DE MAYO,2,2
2014,SINALOA,AHOME,RICARDO FLORES MAGÓN,3,3
2014,SINALOA,AHOME,ROSENDO G. CASTRO,2,2
2014,SINALOA,AHOME,SAN ISIDRO,1,1
2014,SINALOA,AHOME,SAN JOSÉ DE AHOME,1,1
2014,SINALOA,AHOME,SAN LORENZO VIEJO,3,3
2014,SINALOA,AHOME,SAN PABLO,1,1
2014,SINALOA,AHOME,TABELOJECA,2,2
2014,SINALOA,AHOME,TOPOLOBAMPO,94,94
2014,SINALOA,ANGOSTURA,ANGOSTURA,4,4
2014,SINALOA,ANGOSTURA,BATURY,6,6
2014,SINALOA,ANGOSTURA,COSTA AZUL,191,191
2014,SINALOA,ANGOSTURA,EL EBANITO,1,1
2014,SINALOA,ANGOSTURA,EL LLANO,8,8
2014,SINALOA,ANGOSTURA,EL MOLINO,1,1
2014,SINALOA,ANGOSTURA,LA CERCADA,2,2
2014,SINALOA,ANGOSTURA,LA PALMA,1,1
2014,SINALOA,ANGOSTURA,LA REFORMA,474,473
2014,SINALOA,ANGOSTURA,LEOPOLDO SÁNCHEZ CELIS (EL GATO DE LARA),3,3
2014,SINALOA,ANGOSTURA,NACOZARI,2,2
2014,SINALOA,ANGOSTURA,PLAYA COLORADA,112,112
2014,SINALOA,ANGOSTURA,TOBERY,1,1
2014,SINALOA,BADIRAGUATO,BADIRAGUATO,1,1
2014,SINALOA,BADIRAGUATO,EL VAREJONAL,13,13
2014,SINALOA,BADIRAGUATO,POTRERILLOS,1,1
2014,SINALOA,BADIRAGUATO,POTRERO ALTO,1,1
2014,SINALOA,CABORCA,HEROICA CABORCA,10,10
2014,SINALOA,COSALÁ,COSALÁ,2,2
2014,SINALOA,COSALÁ,EL RANCHITO,13,13
2014,SINALOA,COSALÁ,EL VERTEDOR,1,1
2014,SINALOA,COSALÁ,HIGUERAS DE JACOPA,2,2
2014,SINALOA,COSALÁ,LA ILAMA,16,16
2014,SINALOA,COSALÁ,LAS HIGUERAS DE URREA,3,3
2014,SINALOA,COSALÁ,MEZCALTITÁN,14,14
2014,SINALOA,COSALÁ,SAN JOSÉ DE LAS BOCAS,6,6
2014,SINALOA,CULIACÁN,COSPITA,45,45
2014,SINALOA,CULIACÁN,COSTA RICA,5,5
2014,SINALOA,CULIACÁN,CULIACÁN ROSALES,5,5
2014,SINALOA,CULIACÁN,EJIDO CANÁN,1,1
2014,SINALOA,CULIACÁN,EL CONCHAL,23,23
2014,SINALOA,CULIACÁN,EL ESPINAL,1,1
2014,SINALOA,CULIACÁN,EL HIGUERAL,1,1
2014,SINALOA,CULIACÁN,EL MELÓN,6,6
2014,SINALOA,CULIACÁN,EL ROBALAR,37,37
2014,SINALOA,CULIACÁN,ELDORADO,2,2
2014,SINALOA,CULIACÁN,JESÚS MARÍA,31,31
2014,SINALOA,CULIACÁN,LA BIENVENIDA,3,3
2014,SINALOA,CULIACÁN,LAGUNA DE CANACHI,5,5
2014,SINALOA,CULIACÁN,LAS ARENITAS,209,209
2014,SINALOA,CULIACÁN,NINGUNO,1,1
2014,SINALOA,CULIACÁN,PALO VERDE,11,11
2014,SINALOA,CULIACÁN,PUEBLO NUEVO,8,8
2014,SINALOA,CULIACÁN,PUERTO RICO (EL REPARITO),17,17
2014,SINALOA,CULIACÁN,SOYATITA,1,1
2014,SINALOA,CULIACÁN,SOYATITA (CRUZ SEGUNDA),11,11
2014,SINALOA,EL FUERTE,ADOLFO LÓPEZ MATEOS (JAHUARA SEGUNDO),14,14
2014,SINALOA,EL FUERTE,JAHUARA PRIMERO (LOS LEYVA),1,1
2014,SINALOA,ELOTA,CASAS NUEVAS,1,1
2014,SINALOA,ELOTA,CASAS VIEJAS,1,0
2014,SINALOA,ELOTA,EL CHIRIMOLE,3,3
2014,SINALOA,ELOTA,EL SABINAL,14,14
2014,SINALOA,ELOTA,EL SOLITO,9,9
2014,SINALOA,ELOTA,ELOTA,1,1
2014,SINALOA,ELOTA,LA CRUZ,38,38
2014,SINALOA,ELOTA,NUEVO SALTO GRANDE,7,7
2014,SINALOA,ELOTA,PAREDÓN COLORADO,20,20
2014,SINALOA,ELOTA,PUEBLO NUEVO,21,17
2014,SINALOA,ELOTA,SAN JOSÉ DE CONITACA (NUEVO CONITACA),15,15
2014,SINALOA,ESCUINAPA,CELAYA,1,1
2014,SINALOA,ESCUINAPA,ESCUINAPA,103,103
2014,SINALOA,ESCUINAPA,LA CAMPANA NÚMERO 2 (EL POCHOTE),1,1
2014,SINALOA,ESCUINAPA,OJO DE AGUA DE HUANACAXTLE,2,2
2014,SINALOA,ESCUINAPA,OJO DE AGUA DE PALMILLAS,18,18
2014,SINALOA,ESCUINAPA,PALMITO DEL VERDE,9,9
2014,SINALOA,ESCUINAPA,SALSIPUEDES (SITIO DE PESCA),1,1
2014,SINALOA,ESCUINAPA,TEACAPAN,13,13
2014,SINALOA,GUASAVE,BOCA DEL RÍO,24,24
2014,SINALOA,GUASAVE,CAIMANERO,2,2
2014,SINALOA,GUASAVE,CALLEJONES DE GUASAVITO,1,1
2014,SINALOA,GUASAVE,CALLEJONES DE TAMAZULA,1,1
2014,SINALOA,GUASAVE,CAMPO PESQUERO 22-15,13,13
2014,SINALOA,GUASAVE,CARRICITOS,1,1
2014,SINALOA,GUASAVE,CASA BLANCA,1,1
2014,SINALOA,GUASAVE,CUBIRI (CUBIRI DEL AMOLE),1,1
2014,SINALOA,GUASAVE,EL CARACOL,93,93
2014,SINALOA,GUASAVE,EL CERRO CABEZÓN,186,186
2014,SINALOA,GUASAVE,EL COLORADITO,28,28
2014,SINALOA,GUASAVE,EL HUITUSSI,218,217
2014,SINALOA,GUASAVE,EL HUITUSSI Y ANEXOS (EL HUITUSSITO),1,1
2014,SINALOA,GUASAVE,EL MARCOL,1,1
2014,SINALOA,GUASAVE,EL PAPACHAL,1,1
2014,SINALOA,GUASAVE,EL PITAHAYAL,1,1
2014,SINALOA,GUASAVE,EL PROGRESO,1,1
2014,SINALOA,GUASAVE,EL SACRIFICIO,7,7
2014,SINALOA,GUASAVE,EL TORTUGO,68,68
2014,SINALOA,GUASAVE,EL TORUNO,1,1
2014,SINALOA,GUASAVE,GABRIEL LEYVA SOLANO (BENITO JUÁREZ),1,1
2014,SINALOA,GUASAVE,GUASAVE,21,21
2014,SINALOA,GUASAVE,LA BRECHA,3,3
2014,SINALOA,GUASAVE,LA ENTRADA VIEJA,1,1
2014,SINALOA,GUASAVE,LAS CAÑADAS NÚMERO UNO,1,1
2014,SINALOA,GUASAVE,LAS HIGUERAS (LAS FLORES),1,1
2014,SINALOA,GUASAVE,LOCALIDAD SIN NOMBRE,1,1
2014,SINALOA,GUASAVE,MIGUEL ALEMÁN,13,13
2014,SINALOA,GUASAVE,PALOS VERDES,17,17
2014,SINALOA,GUASAVE,SAN JOSÉ DE LA BRECHA,10,10
2014,SINALOA,GUASAVE,SAN RAFAEL (GENERAL MIGUEL VALLE DÁVALOS),1,1
2014,SINALOA,GUASAVE,TAMAZULA,9,9
2014,SINALOA,GUASAVE,TERAHUITO,1,1
2014,SINALOA,GUASAVE,VICENTE GUERRERO,1,1
2014,SINALOA,HUATABAMPO,AGIABAMPO DOS,8,8
2014,SINALOA,HUATABAMPO,AGIABAMPO NO DOS (EL CAMPITO),23,23
2014,SINALOA,HUATABAMPO,AGIABAMPO UNO,41,41
2014,SINALOA,HUATABAMPO,JUAN DE LA BARRERA,1,1
2014,SINALOA,MAZATLÁN,BARRÓN,1,1
2014,SINALOA,MAZATLÁN,EL CASTILLO,1,1
2014,SINALOA,MAZATLÁN,EL WALAMO,1,1
2014,SINALOA,MAZATLÁN,MAZATLÁN,148,148
2014,SINALOA,MOCORITO,LA CAÑADA,1,1
2014,SINALOA,MOCORITO,LA MISIÓN,2,2
2014,SINALOA,MOCORITO,POTRERILLOS,4,4
2014,SINALOA,NAVOJOA,AGIABAMPO,1,1
2014,SINALOA,NAVOLATO,4 VIENTOS,6,6
2014,SINALOA,NAVOLATO,AGUAMITAS,2,2
2014,SINALOA,NAVOLATO,AGUAPEPITO,5,5
2014,SINALOA,NAVOLATO,ALTATA,99,99
2014,SINALOA,NAVOLATO,CAMPO SAN LUIS,1,1
2014,SINALOA,NAVOLATO,DAUTILLOS,263,263
2014,SINALOA,NAVOLATO,EL BOLSÓN,1,1
2014,SINALOA,NAVOLATO,EL CARAMELO,1,1
2014,SINALOA,NAVOLATO,EL CASTILLO,171,171
2014,SINALOA,NAVOLATO,EL MOLINO (EL MOLINO DE SATAYA),14,14
2014,SINALOA,NAVOLATO,EL POTRERO DE SATAYA,2,2
2014,SINALOA,NAVOLATO,EL REALITO,1,1
2014,SINALOA,NAVOLATO,EL TETUÁN NUEVO,23,23
2014,SINALOA,NAVOLATO,IRAGUATO,2,2
2014,SINALOA,NAVOLATO,LAS AGUAMITAS,209,209
2014,SINALOA,NAVOLATO,LAS PUENTES (GUADALUPE VICTORIA),44,44
2014,SINALOA,NAVOLATO,LO DE REYES,1,1
2014,SINALOA,NAVOLATO,LOS ALAMITOS,1,1
2014,SINALOA,NAVOLATO,NAVOLATO,27,27
2014,SINALOA,NAVOLATO,PLAN DE AYALA (EL ZANJÓN),1,1
2014,SINALOA,NAVOLATO,ROSA MORADA,5,5
2014,SINALOA,NAVOLATO,SATAYA,8,8
2014,SINALOA,NAVOLATO,YAMETO,18,18
2014,SINALOA,ROSARIO,AGUA VERDE,166,166
2014,SINALOA,ROSARIO,AGUA ZARCA,5,5
2014,SINALOA,ROSARIO,APODERADO,25,25
2014,SINALOA,ROSARIO,CHAMETLA,38,38
2014,SINALOA,ROSARIO,CHELE,1,1
2014,SINALOA,ROSARIO,CRUZ PEDREGOZA,28,28
2014,SINALOA,ROSARIO,EJIDO CAJÓN OJO DE AGUA NÚMERO DOS,45,45
2014,SINALOA,ROSARIO,EJIDO GREGORIO VÁZQUEZ MORENO (SAN JOACHÍN),34,34
2014,SINALOA,ROSARIO,EL MATADERO (MATADEROS),87,86
2014,SINALOA,ROSARIO,EL MEZCALAR,1,1
2014,SINALOA,ROSARIO,EL POZOLE,14,14
2014,SINALOA,ROSARIO,EL ROSARIO,9,9
2014,SINALOA,ROSARIO,LA GUÁSIMA,39,39
2014,SINALOA,ROSARIO,LAS HIGUERAS,2,1
2014,SINALOA,ROSARIO,LOCALIDAD SIN NOMBRE,1,1
2014,SINALOA,ROSARIO,LOS POZOS,40,40
2014,SINALOA,ROSARIO,OJO DE AGUA,1,1
2014,SINALOA,ROSARIO,OJO DE AGUA DE OSUNA,1,1
2014,SINALOA,ROSARIO,POTRERILLOS,41,39
2014,SINALOA,ROSARIO,TEODORO BELTRÁN (LA HACIENDA),8,8
2014,SINALOA,SALVADOR ALVARADO,BENITO JUÁREZ,2,2
2014,SINALOA,SALVADOR ALVARADO,GUAMÚCHIL,17,17
2014,SINALOA,SALVADOR ALVARADO,YACOCHITO,1,1
2014,SINALOA,SAN IGNACIO,BARRAS DE PIAXTLA,6,6
2014,SINALOA,SINALOA,BACUBIRITO,50,50
2014,SINALOA,SINALOA,BACURATO,43,43
2014,SINALOA,SINALOA,EL CAJONCITO,1,1
2014,SINALOA,SINALOA,EL IGUALAMO,1,1
2014,SINALOA,SINALOA,LA HUERTA,2,2
2014,SINALOA,SINALOA,SINALOA DE LEYVA,1,1
2014,SONORA,AGUA PRIETA,AGUA PRIETA,1,1
2014,SONORA,BÁCUM,BÁCUM,2,2
2014,SONORA,BÁCUM,MIGUEL ALEMÁN (LA NORIA),1,1
2014,SONORA,BÁCUM,PRIMERO DE MAYO (CAMPO 77),1,1
2014,SONORA,BENITO JUÁREZ,PAREDÓN COLORADO (PAREDÓN VIEJO),59,59
2014,SONORA,BENITO JUÁREZ,PAREDONCITO,19,19
2014,SONORA,BENITO JUÁREZ,VILLA JUÁREZ,5,5
2014,SONORA,CABORCA,HEROICA CABORCA,5,5
2014,SONORA,CAJEME,ÁLVARO OBREGÓN (EL RANCHITO),1,1
2014,SONORA,CAJEME,CAJEME,1,1
2014,SONORA,CAJEME,CAJEME PRODUCTOS PECUARIOS,1,1
2014,SONORA,CAJEME,CIUDAD OBREGÓN,24,24
2014,SONORA,CAJEME,OCHO Y MEDIA (BLOQUE 908),1,1
2014,SONORA,CAJEME,PUEBLO YAQUI,1,1
2014,SONORA,EMPALME,CRUZ DE PIEDRA,3,3
2014,SONORA,EMPALME,EMPALME,55,55
2014,SONORA,ENSENADA,A. DE M. I. DE M.,1,1
2014,SONORA,ENSENADA,RÍO ESCONDIDO,1,1
2014,SONORA,ETCHOJOA,EL CAMPITO (CAMPO NÚMERO TRES),1,1
2014,SONORA,ETCHOJOA,ETCHOJOA,1,1
2014,SONORA,GUAYMAS,HERMANOS MAYTORENA,1,1
2014,SONORA,GUAYMAS,HEROICA GUAYMAS,48,48
2014,SONORA,GUAYMAS,HIGUERILLAS,1,1
2014,SONORA,GUAYMAS,SONORA,1,1
2014,SONORA,HERMOSILLO,BAHÍA DE KINO,23,23
2014,SONORA,HERMOSILLO,HERMOSILLO,3,3
2014,SONORA,HERMOSILLO,MIGUEL ALEMÁN (EL TRES),3,3
2014,SONORA,HUATABAMPO,AGIABAMPO DOS,1,1
2014,SONORA,HUATABAMPO,AGIABAMPO UNO,16,16
2014,SONORA,HUATABAMPO,ÁLVARO OBREGÓN,1,1
2014,SONORA,HUATABAMPO,AQUICHOPO,1,1
2014,SONORA,HUATABAMPO,BACHANTAHUI,2,2
2014,SONORA,HUATABAMPO,BACHOCO,21,21
2014,SONORA,HUATABAMPO,BACHOMOJAQUI,1,1
2014,SONORA,HUATABAMPO,BAJEROBETA (PLAYA BACHOCO),1,1
2014,SONORA,HUATABAMPO,BUIYARUMO,1,1
2014,SONORA,HUATABAMPO,CAMAHUIROA,2,2
2014,SONORA,HUATABAMPO,CHAPULTEPEC,4,4
2014,SONORA,HUATABAMPO,EL RIÍTO,8,8
2014,SONORA,HUATABAMPO,ESTACIÓN DON,1,1
2014,SONORA,HUATABAMPO,ETCHOROPO,3,3
2014,SONORA,HUATABAMPO,HUATABAMPO,49,49
2014,SONORA,HUATABAMPO,LA ARENITA,3,3
2014,SONORA,HUATABAMPO,LA ESCALERA,5,5
2014,SONORA,HUATABAMPO,LA ESPERANZA,1,1
2014,SONORA,HUATABAMPO,LA PRIMAVERA,1,1
2014,SONORA,HUATABAMPO,LA SÁVILA,1,1
2014,SONORA,HUATABAMPO,LA UNIÓN,1,1
2014,SONORA,HUATABAMPO,LAS BOCAS,25,25
2014,SONORA,HUATABAMPO,LAS MILPAS,5,5
2014,SONORA,HUATABAMPO,LOMA DE ETCHOROPO,5,5
2014,SONORA,HUATABAMPO,LOMA DE MORONCARIT,1,1
2014,SONORA,HUATABAMPO,LOS BUITBORES,7,7
2014,SONORA,HUATABAMPO,MELCHOR OCAMPO,6,6
2014,SONORA,HUATABAMPO,MOCHIBAMPO,2,2
2014,SONORA,HUATABAMPO,MORONCÁRIT,86,86
2014,SONORA,HUATABAMPO,POZO DULCE,14,14
2014,SONORA,HUATABAMPO,SAN ANTONIO,6,6
2014,SONORA,HUATABAMPO,SAN JOSÉ,1,1
2014,SONORA,HUATABAMPO,YAVARITOS,3,3
2014,SONORA,HUATABAMPO,YAVAROS (ISLA LAS VIEJAS),84,83
2014,SONORA,NAVOJOA,HUEBAMPO,1,1
2014,SONORA,NAVOJOA,MASIACA,2,2
2014,SONORA,NAVOJOA,NAVOJOA,5,5
2014,SONORA,NAVOJOA,SAN JOSÉ MASIACA,6,6
2014,SONORA,NOGALES,HEROICA NOGALES,1,1
2014,SONORA,NOGALES,MASCAREÑA,1,1
2014,SONORA,PITIQUITO,PUERTO LIBERTAD,10,10
2014,SONORA,SAN IGNACIO RÍO MUERTO,CAMPO DE HERMENEGILDO ROMERO,1,1
2014,TABASCO,BALANCÁN,BALANCÁN,2,2
2014,TABASCO,BALANCÁN,CENTRO USUMACINTA,1,1
2014,TABASCO,BALANCÁN,CHANCABAL,1,1
2014,TABASCO,BALANCÁN,EL POCITO,1,1
2014,TABASCO,BALANCÁN,MISSICAB,1,1
2014,TABASCO,BALANCÁN,SAN PEDRO,9,9
2014,TABASCO,BALANCÁN,VICENTE GUERRERO,1,1
2014,TABASCO,CÁRDENAS,AZUCENA 1RA. SECCIÓN,7,7
2014,TABASCO,CÁRDENAS,AZUCENA 2DA. SECCIÓN,29,29
2014,TABASCO,CÁRDENAS,AZUCENA 5TA. SECCIÓN (EL APOMPAL),2,2
2014,TABASCO,CÁRDENAS,AZUCENITA 1RA. SECCIÓN B,1,1
2014,TABASCO,CÁRDENAS,CÁRDENAS,13,13
2014,TABASCO,CÁRDENAS,CHICOZAPOTE 1RA. SECCIÓN,13,13
2014,TABASCO,CÁRDENAS,CUAUHTEMOCZIN,15,15
2014,TABASCO,CÁRDENAS,EL ALACRÁN,8,8
2014,TABASCO,CÁRDENAS,EL ALACRÁN (SECCIÓN MANATINERO),25,25
2014,TABASCO,CÁRDENAS,EL BAJÍO 1RA. SECCIÓN,1,1
2014,TABASCO,CÁRDENAS,EL BARÍ 1RA. SECCIÓN,3,3
2014,TABASCO,CÁRDENAS,PAILEBOT,7,7
2014,TABASCO,CÁRDENAS,PEDRO SÁNCHEZ MAGALLANES,3,3
2014,TABASCO,CÁRDENAS,SAN RAFAEL,4,4
2014,TABASCO,CÁRDENAS,SINALOA 1RA. SECCIÓN,35,35
2014,TABASCO,CÁRDENAS,SINALOA 2DA. SECCIÓN,6,6
2014,TABASCO,CÁRDENAS,VILLA BENITO JUÁREZ (CAMPO MAGALLANES),1,1
2014,TABASCO,CÁRDENAS,VILLA SÁNCHEZ MAGALLANES (BARRA DE SANTA ANA),238,238
2014,TABASCO,CATAZAJÁ,VICENTE GUERRERO,2,2
2014,TABASCO,CENTLA,ARROYO POLO 1RA. SECCIÓN,7,7
2014,TABASCO,CENTLA,ARROYO POLO 2DA. SECCIÓN,21,21
2014,TABASCO,CENTLA,ARROYO POLO 3RA. SECCIÓN (POLO),8,8
2014,TABASCO,CENTLA,BARRA DE SAN PEDRO (SAN PEDRO Y SAN PABLO),20,20
2014,TABASCO,CENTLA,BOCA DE CHILAPA 1RA. SECCIÓN,2,2
2014,TABASCO,CENTLA,BOCA DE PANTOJA,14,14
2014,TABASCO,CENTLA,BOCA GRANDE,2,2
2014,TABASCO,CENTLA,CAÑAVERAL,5,5
2014,TABASCO,CENTLA,CAÑAVERAL CORCOVADO,12,12
2014,TABASCO,CENTLA,CAPARROSO,2,2
2014,TABASCO,CENTLA,CARLOS ROVIROSA 2A. SECC. (BARRA DE PESCADOR),15,15
2014,TABASCO,CENTLA,CHICHICASTLE 1RA. SECCIÓN,62,62
2014,TABASCO,CENTLA,CHICHICASTLE 2DA. SECCIÓN,8,8
2014,TABASCO,CENTLA,CHILAPA 1RA. SECCIÓN MARGEN DERECHA,4,4
2014,TABASCO,CENTLA,CHILAPA MARGEN DERECHA 2DA. SECCIÓN,8,8
2014,TABASCO,CENTLA,CHILAPA MARGEN IZQUIERDA 1RA. SECCIÓN,13,13
2014,TABASCO,CENTLA,COL. EL BOSQUE (LLEGÓ LA HORA),9,9
2014,TABASCO,CENTLA,CUAUHTÉMOC,3,3
2014,TABASCO,CENTLA,EL GUAJUCO,1,1
2014,TABASCO,CENTLA,FELIPE CARRILLO PUERTO NORTE (CARRILLITO),6,6
2014,TABASCO,CENTLA,FRANCISCO I. MADERO,12,12
2014,TABASCO,CENTLA,FRONTERA,143,143
2014,TABASCO,CENTLA,FRONTERA (FRONTERITA),1,1
2014,TABASCO,CENTLA,GOBERNADOR CRUZ,3,3
2014,TABASCO,CENTLA,IGNACIO ALLENDE,1,1
2014,TABASCO,CENTLA,IGNACIO ZARAGOZA,10,10
2014,TABASCO,CENTLA,JALAPITA 1RA. SECCIÓN,7,7
2014,TABASCO,CENTLA,JOSEFA ORTIZ DE DOMÍNGUEZ,4,4
2014,TABASCO,CENTLA,LA ESTRELLA,29,29
2014,TABASCO,CENTLA,LA SABANA,6,6
2014,TABASCO,CENTLA,LA VICTORIA,11,11
2014,TABASCO,CENTLA,LAS PALMAS,1,1
2014,TABASCO,CENTLA,LAS PORFÍAS,2,2
2014,TABASCO,CENTLA,LEANDRO ROVIROSA WADE 1RA. SECCIÓN,5,5
2014,TABASCO,CENTLA,LIBERTAD DE ALLENDE,1,1
2014,TABASCO,CENTLA,LUIS ECHEVERRÍA ÁLVAREZ,3,3
2014,TABASCO,CENTLA,MIXTECA 1RA. SECCIÓN,4,4
2014,TABASCO,CENTLA,MIXTECA 2DA. SECCIÓN,13,13
2014,TABASCO,CENTLA,MIXTECA 3RA. SECCIÓN,20,20
2014,TABASCO,CENTLA,NUEVA ESPERANZA DE QUINTÍN ARÁUZ,6,6
2014,TABASCO,CENTLA,NUEVO CENTLA BOQUERÓN,9,9
2014,TABASCO,CENTLA,PASO DE TABASQUILLO,2,2
2014,TABASCO,CENTLA,PUNTA EL MANGLAR,2,2
2014,TABASCO,CENTLA,QUINTÍN ARÁUZ,2,2
2014,TABASCO,CENTLA,REVOLUCIÓN,14,14
2014,TABASCO,CENTLA,RIBERA ALTA 1RA. SECCIÓN,27,27
2014,TABASCO,CENTLA,RIBERA ALTA 2DA. SECCIÓN,25,25
2014,TABASCO,CENTLA,RIBERA ALTA 2DA. SECCIÓN (SALSIPUEDES),1,1
2014,TABASCO,CENTLA,RIBERA ALTA 3RA. SECCIÓN,33,33
2014,TABASCO,CENTLA,SAN FRANCISCO,1,1
2014,TABASCO,CENTLA,SAN ISIDRO,1,1
2014,TABASCO,CENTLA,SAN JOSE DE SIMON SARLAT (EL COCO),2,2
2014,TABASCO,CENTLA,SAN JUAN,1,1
2014,TABASCO,CENTLA,SAN JUANITO BOCA DE TRES BRAZOS,10,10
2014,TABASCO,CENTLA,SAN PEDRITO (NUEVA ESPERANZA),1,1
2014,TABASCO,CENTLA,SAN RAMÓN,2,2
2014,TABASCO,CENTLA,SAN ROMÁN,21,21
2014,TABASCO,CENTLA,SAN ROQUE,1,1
2014,TABASCO,CENTLA,SIMÓN SARLAT,2,2
2014,TABASCO,CENTLA,TABASQUILLO 1RA. SECCIÓN,1,1
2014,TABASCO,CENTLA,TASAJERA,3,3
2014,TABASCO,CENTLA,TRES BRAZOS (COCALITO),7,7
2014,TABASCO,CENTLA,VICENTE GUERRERO,7,7
2014,TABASCO,CENTRO,ACACHAPAN Y COLMENA 3RA. SECCIÓN,2,2
2014,TABASCO,CENTRO,ACACHAPAN Y COLMENA 4TA. SECCIÓN,15,15
2014,TABASCO,CENTRO,ACACHAPAN Y COLMENA 5TA. SECCIÓN,9,9
2014,TABASCO,CENTRO,AZTLÁN 1RA. SECCIÓN,2,2
2014,TABASCO,CENTRO,AZTLÁN 2DA. SECCIÓN,1,1
2014,TABASCO,CENTRO,AZTLÁN 3RA. SECCIÓN (CORCHO Y CHILAPILLA),3,3
2014,TABASCO,CENTRO,AZTLÁN 4TA. SECCIÓN (CORCHO Y CHILAPILLA),4,4
2014,TABASCO,CENTRO,AZTLÁN 5TA. SECCIÓN (DON LORENZO),3,3
2014,TABASCO,CENTRO,AZTLÁN 5TA. SECCIÓN (PALOMILLAL),21,21
2014,TABASCO,CENTRO,COCOYOL (SOCIALISTA),2,2
2014,TABASCO,CENTRO,EL ZAPOTAL (LA LLAVE),1,1
2014,TABASCO,CENTRO,GAVIOTAS SUR 1RA. SECCIÓN (EL CEDRAL),3,3
2014,TABASCO,CENTRO,ISMATE Y CHILAPILLA 1RA. SECC. (SAN ANTONIO),1,1
2014,TABASCO,CENTRO,ISMATE Y CHILAPILLA 2A. SEC. (BOCA DEL CAMPO),2,2
2014,TABASCO,CENTRO,ISMATE Y CHILAPILLA 2DA. SECCIÓN JAHUACTILLO,9,9
2014,TABASCO,CENTRO,SABANAS NUEVAS,1,1
2014,TABASCO,CENTRO,VILLAHERMOSA,9,9
2014,TABASCO,COATZACOALCOS,ALLENDE,1,1
2014,TABASCO,COMALCALCO,COCOHITAL,17,17
2014,TABASCO,COMALCALCO,COMALCALCO,1,1
2014,TABASCO,COMALCALCO,GUAYO 3RA. SECCIÓN,3,3
2014,TABASCO,COMALCALCO,IGNACIO ZARAGOZA 1RA. SECCIÓN,1,1
2014,TABASCO,COMALCALCO,JOSÉ MARÍA PINO SUÁREZ 1RA. SECCIÓN,1,1
2014,TABASCO,COMALCALCO,JOSÉ MARÍA PINO SUÁREZ 2DA. SECCIÓN,4,4
2014,TABASCO,COMALCALCO,JOSÉ MARÍA PINO SUÁREZ 3RA. SECC. (CORINTO),9,9
2014,TABASCO,COMALCALCO,LÁZARO CÁRDENAS 1RA. SECCIÓN,1,1
2014,TABASCO,COMALCALCO,TECOLUTILLA (RIBERITA),1,1
2014,TABASCO,EMILIANO ZAPATA,CHABLÉ,1,1
2014,TABASCO,EMILIANO ZAPATA,EL AVISPERO,1,1
2014,TABASCO,EMILIANO ZAPATA,EMILIANO ZAPATA,15,15
2014,TABASCO,EMILIANO ZAPATA,EMILIANO ZAPATA SECCIÓN POCHOTE,22,22
2014,TABASCO,EMILIANO ZAPATA,JOBAL,4,4
2014,TABASCO,HUIMANGUILLO,EL CHAPO 1RA. SECCIÓN,5,5
2014,TABASCO,HUIMANGUILLO,ERNESTO AGUIRRE COLORADO,2,2
2014,TABASCO,HUIMANGUILLO,FRANCISCO TRUJILLO GURRÍA,15,15
2014,TABASCO,HUIMANGUILLO,HUIMANGUILLO,2,2
2014,TABASCO,JALAPA,TEQUILA 2DA. SECCIÓN,1,1
2014,TABASCO,JALPA DE MÉNDEZ,CAMPO PETROLERO MECOACÁN,5,5
2014,TABASCO,JALPA DE MÉNDEZ,REFORMA 2DA. SECCIÓN (SANTA MARÍA),38,38
2014,TABASCO,JALPA DE MÉNDEZ,SAN GREGORIO,2,2
2014,TABASCO,JALPA DE MÉNDEZ,SOYATACO,1,1
2014,TABASCO,JONUTA,BOCA DE SAN ANTONIO,1,1
2014,TABASCO,JONUTA,CHANERO RÍO,1,1
2014,TABASCO,JONUTA,CHOCHAL,1,1
2014,TABASCO,JONUTA,EL TUCUYAL,12,12
2014,TABASCO,JONUTA,ESQUIPULAS,2,2
2014,TABASCO,JONUTA,FEDERICO ÁLVAREZ,5,5
2014,TABASCO,JONUTA,FRANCISCO J. MÚJICA,1,1
2014,TABASCO,JONUTA,HIDALGO Y TAMARINDO,5,5
2014,TABASCO,JONUTA,JONUTA,1,1
2014,TABASCO,JONUTA,JOSÉ MARÍA PINO SUÁREZ (SAN PEDRO),1,1
2014,TABASCO,JONUTA,LIC. ELPIDIO SÁNCHEZ PÉREZ,6,6
2014,TABASCO,JONUTA,RIBERA BAJA 1RA. SECCIÓN A,4,4
2014,TABASCO,JONUTA,RIBERA BAJA 2DA. SECCIÓN (GRAN PODER),12,12
2014,TABASCO,JONUTA,SACRIFICIO,5,5
2014,TABASCO,JONUTA,SAN JOSÉ,57,57
2014,TABASCO,JONUTA,SAN JOSÉ JIMBAL,1,1
2014,TABASCO,JONUTA,SAN MIGUEL,2,2
2014,TABASCO,JONUTA,TORNO DE LA BOLA,9,9
2014,TABASCO,JONUTA,TORNO LARGO 1RA. SECCIÓN B,1,1
2014,TABASCO,JONUTA,TORNO LARGO 2DA. SECCIÓN,2,2
2014,TABASCO,MACUSPANA,BITZAL 1RA. SECCIÓN,6,6
2014,TABASCO,MACUSPANA,EL BAYO 1RA. SECCIÓN (GRANADA),1,1
2014,TABASCO,MACUSPANA,EL BAYO 2DA. SECCIÓN,1,1
2014,TABASCO,MACUSPANA,LÁZARO CÁRDENAS 2DA. SECCIÓN,12,12
2014,TABASCO,MACUSPANA,LOS GÜIROS,12,12
2014,TABASCO,MACUSPANA,LOS NARANJOS 1RA. SECCIÓN,2,2
2014,TABASCO,MACUSPANA,LOS NARANJOS 2DA. SECC. (SECCIÓN PICHALITO),4,4
2014,TABASCO,MACUSPANA,MIGUEL HIDALGO 1RA. SECCIÓN,9,9
2014,TABASCO,MACUSPANA,MIGUEL HIDALGO 2DA. SECCIÓN,2,2
2014,TABASCO,MACUSPANA,MIGUEL ORRICO DE LOS LLANOS,13,13
2014,TABASCO,MACUSPANA,PEMEX (CIUDAD PEMEX),1,1
2014,TABASCO,MACUSPANA,SANTOS DEGOLLADO 2DA. SECCIÓN,1,1
2014,TABASCO,MACUSPANA,TIERRA COLORADA,9,9
2014,TABASCO,MACUSPANA,UNIÓN Y LIBERTAD,6,6
2014,TABASCO,NACAJUCA,EL SITIO,1,1
2014,TABASCO,NACAJUCA,EL ZAPOTE,12,12
2014,TABASCO,NACAJUCA,TECOLUTA 1RA. SECCIÓN,3,3
2014,TABASCO,NACAJUCA,TECOLUTA 2DA. SECCIÓN,2,2
2014,TABASCO,PARAÍSO,ANDRÉS GARCÍA SECCIÓN ISLAS,22,22
2014,TABASCO,PARAÍSO,AQUILES SERDÁN,25,25
2014,TABASCO,PARAÍSO,BARRA DE TUPILCO,22,22
2014,TABASCO,PARAÍSO,CHILTEPEC (PUERTO CHILTEPEC),28,28
2014,TABASCO,PARAÍSO,CHILTEPEC SECCIÓN BANCO,37,37
2014,TABASCO,PARAÍSO,CHILTEPEC SECCIÓN TANQUES,22,22
2014,TABASCO,PARAÍSO,COLONIA PÉNJAMO,15,15
2014,TABASCO,PARAÍSO,EL BELLOTE (MIGUEL DE LA MADRID),18,18
2014,TABASCO,PARAÍSO,EL ESCRIBANO,2,2
2014,TABASCO,PARAÍSO,FRANCISCO I. MADERO 2DA. SECCIÓN,2,2
2014,TABASCO,PARAÍSO,GUANO SOLO (EL COQUITO),15,15
2014,TABASCO,PARAÍSO,JOSÉ MARÍA MORELOS Y PAVÓN (EL BELLOTE),127,127
2014,TABASCO,PARAÍSO,LAS FLORES 1RA. SECCIÓN,1,1
2014,TABASCO,PARAÍSO,LAS FLORES 2DA. SECCIÓN,2,2
2014,TABASCO,PARAÍSO,LAS FLORES 3RA. SECCIÓN (EL CERRO),16,16
2014,TABASCO,PARAÍSO,MOCTEZUMA 2DA. SECCIÓN,1,1
2014,TABASCO,PARAÍSO,NICOLÁS BRAVO 4TA. SECCIÓN (TILAPA),1,1
2014,TABASCO,PARAÍSO,NUEVO TORNOLARGO,24,24
2014,TABASCO,PARAÍSO,PARAÍSO,7,7
2014,TABASCO,PARAÍSO,PUERTO CEIBA,46,46
2014,TABASCO,PARAÍSO,PUERTO CEIBA (CARRIZAL),9,9
2014,TABASCO,PARAÍSO,QUINTÍN ARAUZ,3,3
2014,TABASCO,PARAÍSO,UNIÓN 1RA. SECCIÓN (AMATILLO),7,7
2014,TABASCO,PARAÍSO,UNIÓN 2DA. SECCIÓN,8,8
2014,TABASCO,PARAÍSO,UNIÓN 3RA. SECCIÓN,17,17
2014,TABASCO,TENOSIQUE,CHACULJI,2,2
2014,TABASCO,TENOSIQUE,EL RECREO,2,2
2014,TABASCO,TENOSIQUE,POMONA 1RA. SECCIÓN,2,2
2014,TABASCO,TENOSIQUE,TENOSIQUE 1RA. SECCIÓN (EL MOOL),1,1
2014,TAMAULIPAS,ALDAMA,ALDAMA,11,11
2014,TAMAULIPAS,ALDAMA,BARRA DEL TORDO,25,25
2014,TAMAULIPAS,ALDAMA,EL OJITE,5,5
2014,TAMAULIPAS,ALDAMA,MORÓN,28,28
2014,TAMAULIPAS,ALTAMIRA,ALTAMIRA,1,1
2014,TAMAULIPAS,ALTAMIRA,AQUILES SERDÁN (EL BARRANCO),5,5
2014,TAMAULIPAS,ALTAMIRA,EL ESTERO,1,1
2014,TAMAULIPAS,ALTAMIRA,EL FUERTE,1,1
2014,TAMAULIPAS,ALTAMIRA,LAS FLORES,6,6
2014,TAMAULIPAS,ALTAMIRA,MARTÍN A. MARTÍNEZ,12,12
2014,TAMAULIPAS,ALTAMIRA,MATA DEL ABRA,2,2
2014,TAMAULIPAS,ALTAMIRA,TORNO LARGO,12,12
2014,TAMAULIPAS,CAMARGO,CAMARGO (ESTACIÓN CAMARGO),1,1
2014,TAMAULIPAS,CAMARGO,LOS COMÁLES,22,22
2014,TAMAULIPAS,CASAS,JACINTO CANEK,12,12
2014,TAMAULIPAS,CAZONES DE HERRERA,PLAYA AZUL,1,1
2014,TAMAULIPAS,CIUDAD MADERO,CIUDAD MADERO,6,6
2014,TAMAULIPAS,GüÉMEZ,GÜÉMEZ,8,8
2014,TAMAULIPAS,GüÉMEZ,MIRAFLORES,8,8
2014,TAMAULIPAS,MATAMOROS,EL LONGOREÑO,1,1
2014,TAMAULIPAS,MATAMOROS,EL MEZQUITAL,1,1
2014,TAMAULIPAS,MATAMOROS,HEROICA MATAMOROS,16,16
2014,TAMAULIPAS,MATAMOROS,HIGUERILLAS,186,186
2014,TAMAULIPAS,MATAMOROS,ISLA DEL AMOR (PUNTILLA SUR),1,1
2014,TAMAULIPAS,MATAMOROS,ISLA EL TE,2,2
2014,TAMAULIPAS,MATAMOROS,LA CAPILLA,48,48
2014,TAMAULIPAS,MATAMOROS,LA MANO DE LEÓN (ISLA LA MANO DE LEÓN),6,6
2014,TAMAULIPAS,MATAMOROS,LAS HIGUERILLAS,1,1
2014,TAMAULIPAS,MATAMOROS,NINGUNO,37,37
2014,TAMAULIPAS,PADILLA,COOPERATIVA PESQUERA DE PADILLA (COLONIA PESCADORES),1,1
2014,TAMAULIPAS,PADILLA,NUEVA VILLA DE PADILLA,25,25
2014,TAMAULIPAS,PADILLA,SANTA JUANA,1,1
2014,TAMAULIPAS,PÁNUCO,EL MORILLO,1,1
2014,TAMAULIPAS,PUEBLO VIEJO,ANÁHUAC,3,3
2014,TAMAULIPAS,PUEBLO VIEJO,BELLA VISTA,1,1
2014,TAMAULIPAS,PUEBLO VIEJO,EL CHACHALACO,1,1
2014,TAMAULIPAS,PUEBLO VIEJO,HIDALGO,1,1
2014,TAMAULIPAS,ROSAMORADA,LA CAPILLITA,1,1
2014,TAMAULIPAS,SAN FERNANDO,CARBONERAS (LA CARBONERA),254,254
2014,TAMAULIPAS,SAN FERNANDO,CARVAJAL,47,47
2014,TAMAULIPAS,SAN FERNANDO,EL BARRANCÓN DEL TÍO BLAS (EL BARRANCÓN),48,48
2014,TAMAULIPAS,SAN FERNANDO,GENERAL FRANCISCO J. MÚJICA (LA POZA),6,6
2014,TAMAULIPAS,SAN FERNANDO,GENERAL FRANCISCO VILLA,4,4
2014,TAMAULIPAS,SAN FERNANDO,GUADALUPE VICTORIA (LAS ADJUNTAS),1,1
2014,TAMAULIPAS,SAN FERNANDO,HIGUERILLAS,4,4
2014,TAMAULIPAS,SAN FERNANDO,LA BARRA,1,1
2014,TAMAULIPAS,SAN FERNANDO,LA MEDIA LUNA,1,1
2014,TAMAULIPAS,SAN FERNANDO,LA POZA,1,1
2014,TAMAULIPAS,SAN FERNANDO,MEDIA LUNA,1,1
2014,TAMAULIPAS,SAN FERNANDO,NINGUNO,1,1
2014,TAMAULIPAS,SAN FERNANDO,PALO SOLO,4,4
2014,TAMAULIPAS,SAN FERNANDO,PUERTO RICO,6,6
2014,TAMAULIPAS,SAN FERNANDO,PUNTA DE ALAMBRE (PUENTE DE ALAMBRE),56,56
2014,TAMAULIPAS,SAN FERNANDO,PUNTA DE PIEDRA,31,31
2014,TAMAULIPAS,SAN FERNANDO,SAN FERNANDO,39,39
2014,TAMAULIPAS,SAN FERNANDO,SAN FRANCISCO,1,1
2014,TAMAULIPAS,SAN FERNANDO,SANTA RITA (ESCUADRÓN DOSCIENTOS UNO),4,4
2014,TAMAULIPAS,SAN FERNANDO,SANTA TERESA,1,1
2014,TAMAULIPAS,SOTO LA MARINA,LA PESCA,75,75
2014,TAMAULIPAS,SOTO LA MARINA,MIGUEL DE LA MADRID (EL CANAL),9,9
2014,TAMAULIPAS,SOTO LA MARINA,SOTO LA MARINA,7,7
2014,TAMAULIPAS,SOTO LA MARINA,TEPEHUAJES,1,1
2014,TAMAULIPAS,SOTO LA MARINA,VISTA HERMOSA,13,13
2014,TAMAULIPAS,TAMPICO,TAMPICO,36,36
2014,TAMAULIPAS,VICTORIA,LÁZARO CÁRDENAS,1,1
2014,VERACRUZ,AGUA DULCE,AGUA DULCE,5,5
2014,VERACRUZ,AGUA DULCE,EL MUELLE (GAVILAN NORTE),1,1
2014,VERACRUZ,AGUA DULCE,TONALÁ,36,36
2014,VERACRUZ,ALTAMIRA,CÚES ORTEÑO,1,1
2014,VERACRUZ,ALVARADO,ALVARADO,1,1
2014,VERACRUZ,CABORCA,HEROICA CABORCA,1,1
2014,VERACRUZ,CATEMACO,BARRA DE SONTECOMAPAN,11,11
2014,VERACRUZ,CATEMACO,CATEMACO,3,3
2014,VERACRUZ,CATEMACO,EL REAL,1,1
2014,VERACRUZ,CATEMACO,SONTECOMAPAN,10,10
2014,VERACRUZ,CIUDAD MADERO,CIUDAD MADERO,1,1
2014,VERACRUZ,COATZACOALCOS,ALLENDE,3,3
2014,VERACRUZ,COATZACOALCOS,COATZACOALCOS,4,4
2014,VERACRUZ,COATZACOALCOS,LAS BARRILLAS,5,5
2014,VERACRUZ,COSOLEACAQUE,COSOLEACAQUE,1,1
2014,VERACRUZ,GUTIÉRREZ ZAMORA,CACAHUATAL,1,1
2014,VERACRUZ,GUTIÉRREZ ZAMORA,GUTIÉRREZ ZAMORA,7,7
2014,VERACRUZ,IXHUATLÁN DEL SURESTE,IXHUATLÁN DEL SURESTE,1,1
2014,VERACRUZ,MINATITLÁN,CEIBA BONITA,7,7
2014,VERACRUZ,NANCHITAL DE LÁZARO CÁRDENAS DEL RÍO,NANCHITAL DE LÁZARO CÁRDENAS DEL RÍO,1,1
2014,VERACRUZ,NAUTLA,BARRA DE PALMAS,2,2
2014,VERACRUZ,NAUTLA,EL RAUDAL (RAUDAL DE LAS FLORES),3,3
2014,VERACRUZ,NAUTLA,NAUTLA,5,5
2014,VERACRUZ,OZULUAMA DE MASCAREÑAS,ALTO DEL TIGRE,19,19
2014,VERACRUZ,OZULUAMA DE MASCAREÑAS,BELISARIO DOMÍNGUEZ (SAN GREGORIO),2,2
2014,VERACRUZ,OZULUAMA DE MASCAREÑAS,COLONIA MORENO (ISLA JUAN A. RAMÍREZ),17,17
2014,VERACRUZ,OZULUAMA DE MASCAREÑAS,CUCHARAS,14,14
2014,VERACRUZ,OZULUAMA DE MASCAREÑAS,DOLOR DE CABEZA,2,2
2014,VERACRUZ,OZULUAMA DE MASCAREÑAS,DOLOR DE CABEZA (ISLA JUAN A. RAMÍREZ),1,1
2014,VERACRUZ,OZULUAMA DE MASCAREÑAS,EL CARRIZAL,1,1
2014,VERACRUZ,OZULUAMA DE MASCAREÑAS,EL CARRIZAL (ISLA JUAN A. RAMÍREZ),1,1
2014,VERACRUZ,OZULUAMA DE MASCAREÑAS,EL MAGUEY (ISLA JUAN A. RAMÍREZ),3,3
2014,VERACRUZ,OZULUAMA DE MASCAREÑAS,EL TESORO,1,1
2014,VERACRUZ,OZULUAMA DE MASCAREÑAS,JUAN ROMÁN (ISLA JUAN A. RAMÍREZ),1,1
2014,VERACRUZ,OZULUAMA DE MASCAREÑAS,LA CALLE (ISLA JUAN A. RAMÍREZ),3,3
2014,VERACRUZ,OZULUAMA DE MASCAREÑAS,LA LAJA,4,4
2014,VERACRUZ,OZULUAMA DE MASCAREÑAS,LAS MILPAS (ISLA JUAN A. RAMÍREZ),3,3
2014,VERACRUZ,OZULUAMA DE MASCAREÑAS,MAGUEYES,1,1
2014,VERACRUZ,OZULUAMA DE MASCAREÑAS,OZULUAMA DE MASCAREÑAS,2,2
2014,VERACRUZ,OZULUAMA DE MASCAREÑAS,ROMERILLOS (ISLA JUAN A. RAMÍREZ),2,2
2014,VERACRUZ,OZULUAMA DE MASCAREÑAS,SAN LUCIANO,21,21
2014,VERACRUZ,PAJAPAN,BATAJAPÁN,1,1
2014,VERACRUZ,PAJAPAN,JICACAL,4,4
2014,VERACRUZ,PAJAPAN,PAJAPAN,1,1
2014,VERACRUZ,PAJAPAN,SAN JUAN VOLADOR,5,5
2014,VERACRUZ,PAJAPAN,SAYULTEPEC,3,3
2014,VERACRUZ,PÁNUCO,AMPLIACIÓN ÚRSULO GALVÁN,2,2
2014,VERACRUZ,PÁNUCO,ESTERO DEL REY,3,3
2014,VERACRUZ,PÁNUCO,ISLETA GRANDE,2,2
2014,VERACRUZ,PÁNUCO,MAYORAZGO ALTO,1,1
2014,VERACRUZ,PÁNUCO,MAYORAZGO BAJO,2,2
2014,VERACRUZ,PÁNUCO,MORALILLO,2,2
2014,VERACRUZ,PUEBLO VIEJO,ANÁHUAC,96,96
2014,VERACRUZ,PUEBLO VIEJO,BENITO JUÁREZ,1,1
2014,VERACRUZ,PUEBLO VIEJO,CD. CUAUHTÉMOC,58,58
2014,VERACRUZ,PUEBLO VIEJO,EL OJITAL,3,3
2014,VERACRUZ,PUEBLO VIEJO,PUEBLO VIEJO,3,3
2014,VERACRUZ,SAN ANDRÉS TUXTLA,ARROYO DE LIZA,10,10
2014,VERACRUZ,SAN ANDRÉS TUXTLA,BALZAPOTE,2,2
2014,VERACRUZ,SAN ANDRÉS TUXTLA,COSTA DE ORO (ARROYO DE ORO),3,3
2014,VERACRUZ,SAN ANDRÉS TUXTLA,DOS DE ABRIL (MONTEPÍO CHIQUITO),1,1
2014,VERACRUZ,SAN ANDRÉS TUXTLA,MONTEPÍO,2,2
2014,VERACRUZ,SAN ANDRÉS TUXTLA,PLAYA HERMOSA,8,8
2014,VERACRUZ,SAN ANDRÉS TUXTLA,SALINAS ROCA PARTIDA,21,21
2014,VERACRUZ,SAN ANDRÉS TUXTLA,SAN ANDRÉS TUXTLA,4,4
2014,VERACRUZ,SAN ANDRÉS TUXTLA,SAN JOAQUÍN,1,1
2014,VERACRUZ,SAN ANDRÉS TUXTLA,TORO PRIETO,4,4
2014,VERACRUZ,TAMALÍN,EL JACUBE,1,1
2014,VERACRUZ,TAMALÍN,LAS PIEDRAS,9,9
2014,VERACRUZ,TAMALÍN,SALADERO,26,25
2014,VERACRUZ,TAMALÍN,SAN JERÓNIMO (LA GUÁSIMA),7,5
2014,VERACRUZ,TAMIAHUA,BARRA DE CORAZONES,22,22
2014,VERACRUZ,TAMIAHUA,BARRA DE GALINDO,2,2
2014,VERACRUZ,TAMIAHUA,EL AGUACATAL ISLA (ISLA EL ÍDOLO),2,2
2014,VERACRUZ,TAMIAHUA,EL COYOL,1,1
2014,VERACRUZ,TAMIAHUA,ESTERO DE MILPAS,10,10
2014,VERACRUZ,TAMIAHUA,ISLA DEL ÍDOLO (ISLA EL ÍDOLO),1,1
2014,VERACRUZ,TAMIAHUA,LA PUNTILLA,6,6
2014,VERACRUZ,TAMIAHUA,LA REFORMA,104,104
2014,VERACRUZ,TAMIAHUA,MAJAHUAL,2,2
2014,VERACRUZ,TAMIAHUA,TAMIAHUA,48,48
2014,VERACRUZ,TAMIAHUA,TANTÁLAMOS,9,9
2014,VERACRUZ,TAMIAHUA,TARABITAS,3,3
2014,VERACRUZ,TAMPICO,TAMPICO,14,12
2014,VERACRUZ,TAMPICO ALTO,AGUACATAL,5,5
2014,VERACRUZ,TAMPICO ALTO,ALTO DE LA  ZAPUPERA,8,8
2014,VERACRUZ,TAMPICO ALTO,ALTO DE LA ZAPUPERA,1,1
2014,VERACRUZ,TAMPICO ALTO,CABO ROJITO,1,1
2014,VERACRUZ,TAMPICO ALTO,CHIJOL,13,13
2014,VERACRUZ,TAMPICO ALTO,EL COYOLITO,2,2
2014,VERACRUZ,TAMPICO ALTO,EL TULAR,9,9
2014,VERACRUZ,TAMPICO ALTO,EL ZAPOTAL,1,1
2014,VERACRUZ,TAMPICO ALTO,KILÓMETRO 100,16,16
2014,VERACRUZ,TAMPICO ALTO,KILÓMETRO 75,1,1
2014,VERACRUZ,TAMPICO ALTO,KILÓMETRO 79,1,1
2014,VERACRUZ,TAMPICO ALTO,KILÓMETRO 80,3,3
2014,VERACRUZ,TAMPICO ALTO,LA ENSENADA,2,2
2014,VERACRUZ,TAMPICO ALTO,LA ESCONDIDA,7,7
2014,VERACRUZ,TAMPICO ALTO,LA MAJAHUA,15,15
2014,VERACRUZ,TAMPICO ALTO,LA RIBERA,36,36
2014,VERACRUZ,TAMPICO ALTO,LAS CHACAS,15,15
2014,VERACRUZ,TAMPICO ALTO,LAS GUAYABAS,2,2
2014,VERACRUZ,TAMPICO ALTO,LLANO DE BUSTOS,3,3
2014,VERACRUZ,TAMPICO ALTO,LOS JOBOS,5,5
2014,VERACRUZ,TAMPICO ALTO,MADERAS,6,6
2014,VERACRUZ,TAMPICO ALTO,MATA DE CHÁVEZ,6,6
2014,VERACRUZ,TAMPICO ALTO,MIRADORES,1,1
2014,VERACRUZ,TAMPICO ALTO,MOCTEZUMA,2,2
2014,VERACRUZ,TAMPICO ALTO,MORALES,13,13
2014,VERACRUZ,TAMPICO ALTO,PALO ALTO,3,3
2014,VERACRUZ,TAMPICO ALTO,PAPANES,11,11
2014,VERACRUZ,TAMPICO ALTO,PUNTA DE BUSTOS,4,4
2014,VERACRUZ,TAMPICO ALTO,RANCHO NUEVO,1,1
2014,VERACRUZ,TAMPICO ALTO,TAMPICO ALTO,5,5
2014,VERACRUZ,TAMPICO ALTO,TANCOBÁN,6,6
2014,VERACRUZ,TAMPICO ALTO,ZAPOTAL,4,4
2014,VERACRUZ,TANTIMA,EL CINCUENTA,1,1
2014,VERACRUZ,TANTIMA,EL RÍO,1,1
2014,VERACRUZ,TANTIMA,LOS HIGUEROS,2,2
2014,VERACRUZ,TATAHUICAPAN DE JUÁREZ,SOCHAPA DE ÁLVARO OBREGÓN,1,1
2014,VERACRUZ,TATAHUICAPAN DE JUÁREZ,ZAPOTITLÁN,1,1
2014,VERACRUZ,TECOLUTLA,BOCA DE LIMA,1,1
2014,VERACRUZ,TECOLUTLA,CASITAS,13,13
2014,VERACRUZ,TECOLUTLA,LA VIGUETA,1,1
2014,VERACRUZ,TECOLUTLA,TECOLUTLA,17,17
2014,VERACRUZ,TLACOTALPAN,LA MAGDALENA,1,1
2014,VERACRUZ,TLACOTALPAN,TLACOTALPAN,6,6
2014,VERACRUZ,TUXPAN,TAMPAMACHOCO,4,4
2014,VERACRUZ,TUXPAN,TÚXPAM DE RODRÍGUEZ CANO,3,3
2014,VERACRUZ,VEGA DE ALATORRE,EMILIO CARRANZA,2,2
2014,VERACRUZ,VEGA DE ALATORRE,LAS HIGUERAS,13,13
2014,VERACRUZ,VEGA DE ALATORRE,PLAYA NAVARRO,2,2
2014,VERACRUZ,VEGA DE ALATORRE,VEGA DE ALATORRE,1,1
2014,YUCATÁN,BOKOBÁ,BOKOBÁ,1,1
2014,YUCATÁN,BUCTZOTZ,BUCTZOTZ,1,1
2014,YUCATÁN,CARMEN,NINGUNO,1,1
2014,YUCATÁN,CELESTÚN,CELESTÚN,18,18
2014,YUCATÁN,DZIDZANTÚN,DZIDZANTÚN,18,18
2014,YUCATÁN,DZILAM DE BRAVO,DON CHUCHO,1,1
2014,YUCATÁN,DZILAM DE BRAVO,DZILAM DE BRAVO,73,73
2014,YUCATÁN,DZILAM GONZÁLEZ,DZILAM GONZÁLEZ,4,4
2014,YUCATÁN,HUNUCMÁ,SISAL,5,5
2014,YUCATÁN,MÉRIDA,MÉRIDA,2,2
2014,YUCATÁN,MOTUL,MOTUL DE CARRILLO PUERTO,2,2
2014,YUCATÁN,PROGRESO,CHELEM,7,7
2014,YUCATÁN,PROGRESO,CHICXULUB PUERTO,16,16
2014,YUCATÁN,PROGRESO,CHUBURNÁ,27,27
2014,YUCATÁN,PROGRESO,PROGRESO,53,53
2014,YUCATÁN,SINANCHÉ,SAN CRISANTO,7,7
2014,YUCATÁN,TELCHAC PUEBLO,TELCHAC,1,1
2014,YUCATÁN,TELCHAC PUERTO,TELCHAC PUERTO,10,10
2014,YUCATÁN,YOBAÍN,CHABIHAU,5,5
2014,YUCATÁN,YOBAÍN,YOBAÍN,2,2
2015,BAJA CALIFORNIA,ENSENADA,BAHÍA DE LOS ÁNGELES,1,0
2015,BAJA CALIFORNIA,ENSENADA,EL SAUZAL,1,1
2015,BAJA CALIFORNIA,ENSENADA,ENSENADA,5,3
2015,BAJA CALIFORNIA,ENSENADA,PUNTA BANDA (EL RINCÓN DE PUNTA BANDA),1,0
2015,BAJA CALIFORNIA,ENSENADA,SAN QUINTÍN,1,1
2015,BAJA CALIFORNIA,MEXICALI,SAN FELIPE,1,1
2015,BAJA CALIFORNIA SUR ,COMONDÚ,BENITO JUÁREZ (BUENAVISTA),1,1
2015,BAJA CALIFORNIA SUR ,COMONDÚ,CIUDAD CONSTITUCIÓN,5,5
2015,BAJA CALIFORNIA SUR ,COMONDÚ,PUERTO ADOLFO LÓPEZ MATEOS,11,11
2015,BAJA CALIFORNIA SUR ,COMONDÚ,PUERTO SAN CARLOS,21,20
2015,BAJA CALIFORNIA SUR ,LA PAZ,AGUA AMARGA,7,7
2015,BAJA CALIFORNIA SUR ,LA PAZ,AGUA BLANCA,1,1
2015,BAJA CALIFORNIA SUR ,LA PAZ,EL CENTENARIO,1,1
2015,BAJA CALIFORNIA SUR ,LA PAZ,EL SARGENTO,1,1
2015,BAJA CALIFORNIA SUR ,LA PAZ,LA PAZ,15,14
2015,BAJA CALIFORNIA SUR ,LA PAZ,LOS BARRILES,1,1
2015,BAJA CALIFORNIA SUR ,LA PAZ,PUERTO CHALE,1,1
2015,BAJA CALIFORNIA SUR ,LA PAZ,RANCHO SIN NOMBRE,1,1
2015,BAJA CALIFORNIA SUR ,LA PAZ,SANTA RITA,1,1
2015,BAJA CALIFORNIA SUR ,LA PAZ,TODOS SANTOS,2,2
2015,BAJA CALIFORNIA SUR ,LORETO,LORETO,1,1
2015,BAJA CALIFORNIA SUR ,LOS CABOS,LA RIBERA,3,3
2015,BAJA CALIFORNIA SUR ,MULEGÉ,BAHÍA ASUNCIÓN,1,1
2015,BAJA CALIFORNIA SUR ,MULEGÉ,BAHÍA TORTUGAS (SAN BARTOLOMÉ),3,3
2015,BAJA CALIFORNIA SUR ,MULEGÉ,LA BOCANA (LA BOCANITA),1,1
2015,BAJA CALIFORNIA SUR ,MULEGÉ,NATIVIDAD (ISLA NATIVIDAD),1,1
2015,BAJA CALIFORNIA SUR ,MULEGÉ,NINGUNO,2,2
2015,BAJA CALIFORNIA SUR ,MULEGÉ,PUNTA ABREOJOS,1,1
2015,BAJA CALIFORNIA SUR ,MULEGÉ,SANTA ROSALÍA,1,1
2015,CAMPECHE ,CALKINÍ,CALKINÍ,2,2
2015,CAMPECHE ,CALKINÍ,ISLA ARENA (PUNTA ARENA),107,105
2015,CAMPECHE ,CALKINÍ,TANKUCHÉ,2,2
2015,CAMPECHE ,CAMPECHE,CAMPECHE,119,115
2015,CAMPECHE ,CAMPECHE,LERMA,22,21
2015,CAMPECHE ,CAMPECHE,LOCALIDAD SIN NOMBRE,1,1
2015,CAMPECHE ,CAMPECHE,SAN FRANCISCO,1,1
2015,CAMPECHE ,CARMEN,ATASTA,1,1
2015,CAMPECHE ,CARMEN,CANDELARIA,1,1
2015,CAMPECHE ,CARMEN,CIUDAD DEL CARMEN,40,39
2015,CAMPECHE ,CARMEN,EMILIANO ZAPATA,3,3
2015,CAMPECHE ,CARMEN,ISLA AGUADA,29,29
2015,CAMPECHE ,CARMEN,JIMBAL,1,1
2015,CAMPECHE ,CARMEN,NUEVO CAMPECHITO,1,1
2015,CAMPECHE ,CARMEN,NUEVO PROGRESO,2,2
2015,CAMPECHE ,CARMEN,PUERTO REAL,1,1
2015,CAMPECHE ,CARMEN,SABANCUY,39,39
2015,CAMPECHE ,CARMEN,SAN ANTONIO CÁRDENAS,3,3
2015,CAMPECHE ,CHAMPOTÓN,CHAMPOTÓN,135,135
2015,CAMPECHE ,CHAMPOTÓN,CIUDAD DEL SOL,1,1
2015,CAMPECHE ,CHAMPOTÓN,LA JOYA,2,2
2015,CAMPECHE ,CHAMPOTÓN,SANTA CLARA,1,1
2015,CAMPECHE ,CHAMPOTÓN,SEYBAPLAYA,153,153
2015,CAMPECHE ,CHAMPOTÓN,VILLA MADERO,35,35
2015,CAMPECHE ,CHAMPOTÓN,X-KEULIL,1,1
2015,CHIAPAS,ACAPETAHUA,EMBARCADERO LAS GARZAS,1,1
2015,CHIAPAS,ACAPETAHUA,LA LUPE,1,1
2015,CHIAPAS,ACAPETAHUA,LA PALMA,1,1
2015,CHIAPAS,ACAPETAHUA,LAS LAURAS,1,1
2015,CHIAPAS,ARRIAGA,ARRIAGA,1,1
2015,CHIAPAS,ARRIAGA,LA GLORIA,2,2
2015,CHIAPAS,CATAZAJÁ,CUYO (ÁLVARO OBREGÓN),1,0
2015,CHIAPAS,CATAZAJÁ,EL PAJONAL,1,1
2015,CHIAPAS,CATAZAJÁ,EL TINTO BONSHÁN,1,1
2015,CHIAPAS,CATAZAJÁ,GUADALUPE DEL CARMEN,1,1
2015,CHIAPAS,CATAZAJÁ,PUNTA ARENA,1,1
2015,CHIAPAS,LA CONCORDIA,DIAMANTE DE ECHEVERRÍA,1,0
2015,CHIAPAS,LA CONCORDIA,IGNACIO ZARAGOZA,1,0
2015,CHIAPAS,LA CONCORDIA,LA CONCORDIA,1,1
2015,CHIAPAS,LA CONCORDIA,NIÑOS HÉROES,1,1
2015,CHIAPAS,LA CONCORDIA,PLAN DE AGUA PRIETA,1,1
2015,CHIAPAS,LA LIBERTAD,LA LIBERTAD,1,1
2015,CHIAPAS,MAPASTEPEC,EL CASTAÑO,1,1
2015,CHIAPAS,MAPASTEPEC,SANTA ISABEL,1,1
2015,CHIAPAS,MAZATÁN,SAN JOSÉ EL HUAYATE (BARRA DE SAN JOSÉ),1,1
2015,CHIAPAS,PIJIJIAPAN,BARRA SANTIAGO,1,1
2015,CHIAPAS,PIJIJIAPAN,EL PALMARCITO,1,0
2015,CHIAPAS,PIJIJIAPAN,GUADALUPE,1,1
2015,CHIAPAS,PIJIJIAPAN,ISLA MORELOS,2,2
2015,CHIAPAS,PIJIJIAPAN,LA ESPERANZA (EL ZAPOTAL),1,0
2015,CHIAPAS,PIJIJIAPAN,LAS BRISAS,1,1
2015,CHIAPAS,PIJIJIAPAN,LOS PINOS,1,1
2015,CHIAPAS,SUCHIATE,BRISAS DEL MAR,1,1
2015,CHIAPAS,TAPACHULA,BARRA DE CAHUACAN (LAS GAVIOTAS),1,1
2015,CHIAPAS,TAPACHULA,PUERTO MADERO (SAN BENITO),23,23
2015,CHIAPAS,TAPACHULA,TAPACHULA DE CÓRDOVA Y ORDÓÑEZ,1,0
2015,CHIAPAS,TONALÁ,BOCA DEL CIELO,3,2
2015,CHIAPAS,TONALÁ,CABEZA DE TORO,3,3
2015,CHIAPAS,TONALÁ,PAREDÓN,9,9
2015,CHIAPAS,VILLA CORZO,JERICÓ (PORVENIR JERICÓ),3,3
2015,CHIAPAS,VILLA CORZO,MANUEL ÁVILA CAMACHO,1,1
2015,CHIAPAS,VILLA CORZO,REVOLUCIÓN MEXICANA,3,2
2015,CHIAPAS,VILLA CORZO,SANTIAGO,1,0
2015,CHIAPAS,VILLA CORZO,VALLE MORELOS,1,1
2015,COLIMA ,ARMERÍA,EL PARAÍSO (BALNEARIO),1,0
2015,COLIMA ,MANZANILLO,EL COLOMO,1,1
2015,COLIMA ,MANZANILLO,MANZANILLO,2,2
2015,GUERRERO ,ACAPULCO DE JUÁREZ,10 DE ABRIL,1,1
2015,GUERRERO ,ACAPULCO DE JUÁREZ,ACAPULCO DE JUÁREZ,4,3
2015,GUERRERO ,ACAPULCO DE JUÁREZ,BARRA VIEJA,1,1
2015,GUERRERO ,ACAPULCO DE JUÁREZ,EL ARENAL,3,3
2015,GUERRERO ,ACAPULCO DE JUÁREZ,LA ESTACIÓN,1,0
2015,GUERRERO ,ACAPULCO DE JUÁREZ,SAN ANDRÉS PLAYA ENCANTADA (EL PODRIDO),1,1
2015,GUERRERO ,ACAPULCO DE JUÁREZ,SAN PEDRO LAS PLAYAS,7,7
2015,GUERRERO ,ACAPULCO DE JUÁREZ,TRES PALOS,1,1
2015,GUERRERO ,COAHUAYUTLA DE JOSÉ MARÍA IZAZAGA,LA CORBA,1,0
2015,GUERRERO ,COAHUAYUTLA DE JOSÉ MARÍA IZAZAGA,MATAMOROS,1,0
2015,GUERRERO ,FLORENCIO VILLARREAL,BOCA DEL RÍO,1,1
2015,GUERRERO ,JOSÉ AZUETA,ZIHUATANEJO,1,0
2015,GUERRERO ,MARQUELIA,LA BARRA DE TECOANAPA (BARRA DE TECOANAPA),2,2
2015,HIDALGO ,ALFAJAYUCAN,ZOZEA,1,1
2015,HIDALGO ,TASQUILLO,EL EPAZOTE,1,1
2015,HIDALGO ,TASQUILLO,LA FLORIDA,1,1
2015,HIDALGO ,TASQUILLO,NOXTHEY,1,1
2015,HIDALGO ,TECOZAUTLA,EL PASO,1,1
2015,HIDALGO ,TECOZAUTLA,EL RIÍTO,1,1
2015,HIDALGO ,ZIMAPÁN,EL SAUCILLO,1,1
2015,HIDALGO ,ZIMAPÁN,YETHAY,1,1
2015,JALISCO,AMATITÁN,AMATITÁN,1,1
2015,JALISCO,CABO CORRIENTES,CHIMO,1,1
2015,JALISCO,CABO CORRIENTES,LOS CORRALES,1,1
2015,JALISCO,CABO CORRIENTES,PIZOTA,1,1
2015,JALISCO,CABO CORRIENTES,TEHUAMIXTLE (TEHUALMIXTLE),1,1
2015,JALISCO,CABO CORRIENTES,YELAPA,2,2
2015,JALISCO,CHAPALA,CHAPALA,3,3
2015,JALISCO,CIHUATLÁN,BARRA DE NAVIDAD,3,3
2015,JALISCO,CIHUATLÁN,EL AGUACATE,1,1
2015,JALISCO,CIHUATLÁN,SAN PATRICIO (MELAQUE),3,3
2015,JALISCO,JAMAY,JAMAY,8,8
2015,JALISCO,JAMAY,LA MALTARAÑA (LA PALMITA),1,1
2015,JALISCO,JILOTLÁN DE LOS DOLORES,LA PRESA,1,1
2015,JALISCO,LA HUERTA,ARROYO SECO,1,1
2015,JALISCO,LA HUERTA,EJIDO LA FORTUNA,1,1
2015,JALISCO,LA HUERTA,EMILIANO ZAPATA,2,2
2015,JALISCO,LA HUERTA,LA HUERTA,1,1
2015,JALISCO,LA HUERTA,LA MANZANILLA,1,1
2015,JALISCO,LA HUERTA,PERULA,2,2
2015,JALISCO,LA HUERTA,SAN MATEO,3,3
2015,JALISCO,OCOTLÁN,EL FUERTE,1,1
2015,JALISCO,OCOTLÁN,OCOTLÁN,7,7
2015,JALISCO,PONCITLÁN,AGUA CALIENTE,1,1
2015,JALISCO,PONCITLÁN,CHALPICOTE,1,1
2015,JALISCO,PONCITLÁN,CUESTA DE MEZCALA,1,1
2015,JALISCO,PONCITLÁN,MEZCALA,2,2
2015,JALISCO,PONCITLÁN,PONCITLÁN,1,1
2015,JALISCO,PONCITLÁN,SAN JUAN TECOMATLÁN,1,1
2015,JALISCO,PONCITLÁN,SAN PEDRO ITZICAN,3,3
2015,JALISCO,PUERTO VALLARTA,BOCA DE LOS TOMATES,1,1
2015,JALISCO,PUERTO VALLARTA,BOCA DE TOMATLÁN,1,1
2015,JALISCO,PUERTO VALLARTA,PUERTO VALLARTA,4,4
2015,JALISCO,SANTA MARÍA DEL ORO,LA MESA DE SAN JUAN,1,1
2015,JALISCO,TEUCHITLÁN,LA ESTANZUELA,1,1
2015,JALISCO,TEUCHITLÁN,TEUCHITLÁN,1,1
2015,JALISCO,TIZAPÁN EL ALTO,MISMALOYA,4,4
2015,JALISCO,TIZAPÁN EL ALTO,TIZAPÁN EL ALTO,1,1
2015,JALISCO,TOMATLÁN,JOSÉ MARÍA MORELOS (AGUA PALOMA),1,1
2015,JALISCO,TOMATLÁN,TOMATLÁN,1,1
2015,JALISCO,TUXCUECA,EL TEPEGÜAJE,1,1
2015,JALISCO,TUXCUECA,PURAGUA DE RAMÓN CORONA,1,1
2015,JALISCO,UNIÓN DE TULA,UNIÓN DE TULA,1,1
2015,JALISCO,VALLE DE GUADALUPE,SALTO DE AGUA (SALTO DE LOS IBARRA),1,1
2015,MICHOACAN DE OCAMPO,ÁLVARO OBREGÓN,LA MINA,1,1
2015,MICHOACAN DE OCAMPO,AQUILA,AQUILA,1,1
2015,MICHOACAN DE OCAMPO,AQUILA,HUAHUA,1,1
2015,MICHOACAN DE OCAMPO,AQUILA,MARUATA VIEJO,2,2
2015,MICHOACAN DE OCAMPO,AQUILA,PICHILINGUILLO,1,1
2015,MICHOACAN DE OCAMPO,AQUILA,ZAPOTE DE TIZUPAN,1,1
2015,MICHOACAN DE OCAMPO,ARTEAGA,EL PLATANITO,1,0
2015,MICHOACAN DE OCAMPO,ARTEAGA,PINZANDARÁN,2,1
2015,MICHOACAN DE OCAMPO,BRISEÑAS,IBARRA,1,1
2015,MICHOACAN DE OCAMPO,BRISEÑAS,PASO DE HIDALGO (PASO DE ÁLAMOS),1,1
2015,MICHOACAN DE OCAMPO,CHURUMUCO,CHURUMUCO DE MORELOS,2,2
2015,MICHOACAN DE OCAMPO,CHURUMUCO,SAN MARTÍN DE LA LUZ,1,1
2015,MICHOACAN DE OCAMPO,COAHUAYANA,BOCA DE APIZA,8,8
2015,MICHOACAN DE OCAMPO,COAHUAYANA,SAN TELMO,1,1
2015,MICHOACAN DE OCAMPO,COJUMATLÁN DE RÉGULES,COJUMATLÁN DE RÉGULES,1,1
2015,MICHOACAN DE OCAMPO,COJUMATLÁN DE RÉGULES,LA PUNTITA,1,1
2015,MICHOACAN DE OCAMPO,COJUMATLÁN DE RÉGULES,PALO ALTO,1,1
2015,MICHOACAN DE OCAMPO,COJUMATLÁN DE RÉGULES,PETATÁN (ISLA DE PETATÁN),2,2
2015,MICHOACAN DE OCAMPO,COJUMATLÁN DE RÉGULES,PUERTO DE LEÓN,1,1
2015,MICHOACAN DE OCAMPO,COJUMATLÁN DE RÉGULES,RINCÓN DE MARÍA,1,1
2015,MICHOACAN DE OCAMPO,CUITZEO,MARIANO ESCOBEDO (SAN LORENZO),2,0
2015,MICHOACAN DE OCAMPO,LA HUACANA,BELLAS FUENTES (NUEVO CENTRO),2,1
2015,MICHOACAN DE OCAMPO,LA HUACANA,CERRITO COLORADO,1,1
2015,MICHOACAN DE OCAMPO,LA HUACANA,HACIENDA VIEJA,1,1
2015,MICHOACAN DE OCAMPO,LA HUACANA,POTRERILLOS DE RENTERÍA (CUPUANCILLO),1,1
2015,MICHOACAN DE OCAMPO,LÁZARO CÁRDENAS,CHUCUTITÁN,1,1
2015,MICHOACAN DE OCAMPO,LÁZARO CÁRDENAS,CIUDAD LÁZARO CÁRDENAS,5,4
2015,MICHOACAN DE OCAMPO,LÁZARO CÁRDENAS,LLANITOS DEL BEJUCO (EL BEJUCO),1,1
2015,MICHOACAN DE OCAMPO,LÁZARO CÁRDENAS,PLAYA AZUL,1,1
2015,MICHOACAN DE OCAMPO,MÚGICA,GÁMBARA,1,1
2015,MICHOACAN DE OCAMPO,PURUÁNDIRO,VILLACHUATO,1,1
2015,MICHOACAN DE OCAMPO,VENUSTIANO CARRANZA,LA PALMA (LA PALMA DE JESÚS),3,3
2015,MICHOACAN DE OCAMPO,VENUSTIANO CARRANZA,VENUSTIANO CARRANZA,1,1
2015,NAYARIT ,BAHÍA DE BANDERAS,BUCERÍAS,5,5
2015,NAYARIT ,BAHÍA DE BANDERAS,CASA BLANCA,1,1
2015,NAYARIT ,BAHÍA DE BANDERAS,CRUZ DE HUANACAXTLE,8,8
2015,NAYARIT ,COMPOSTELA,CHACALA,4,4
2015,NAYARIT ,COMPOSTELA,COMPOSTELA,1,1
2015,NAYARIT ,COMPOSTELA,LA PEÑITA DE JALTEMBA,6,6
2015,NAYARIT ,COMPOSTELA,LOS AYALA,1,1
2015,NAYARIT ,COMPOSTELA,RINCÓN DE GUAYABITOS,2,2
2015,NAYARIT ,ROSAMORADA,FRANCISCO VILLA (EL RETIRO),1,1
2015,NAYARIT ,ROSAMORADA,LLANO DEL TIGRE,1,1
2015,NAYARIT ,ROSAMORADA,PERICOS,1,1
2015,NAYARIT ,ROSAMORADA,PESCADERO,1,1
2015,NAYARIT ,ROSAMORADA,PIMIENTILLO,2,2
2015,NAYARIT ,ROSAMORADA,SAN MIGUEL,1,1
2015,NAYARIT ,ROSAMORADA,SAN MIGUELITO,1,1
2015,NAYARIT ,SAN BLAS,BOCA DEL ASADERO,6,6
2015,NAYARIT ,SAN BLAS,LAURELES Y GÓNGORA (EL LIMÓN),3,3
2015,NAYARIT ,SAN BLAS,SAN BLAS,19,19
2015,NAYARIT ,SANTIAGO IXCUINTLA,BOCA DE CAMICHÍN,2,2
2015,NAYARIT ,SANTIAGO IXCUINTLA,MEXCALTITÁN DE URIBE (ISLA DE MEXCALTITÁN),2,2
2015,NAYARIT ,SANTIAGO IXCUINTLA,PALMAR DE CUAUTLA (CUAUTLA),2,2
2015,NAYARIT ,SANTIAGO IXCUINTLA,PUERTA DE PALAPARES,2,2
2015,NAYARIT ,TECUALA,ANTONIO R. LAURELES,1,1
2015,NAYARIT ,TECUALA,COMUNIDAD INDÍGENA PUENTE EL COACOYUL (EL SUSPIRO),4,4
2015,NAYARIT ,TECUALA,LOS MORILLOS,1,1
2015,NAYARIT ,TECUALA,NOVILLERO,2,2
2015,NAYARIT ,TECUALA,PLAYA NOVILLERO,1,1
2015,NAYARIT ,TECUALA,POZO DE HIGUERAS II,3,3
2015,NAYARIT ,TECUALA,SAN CAYETANO,1,1
2015,NAYARIT ,TECUALA,TECUALA,3,3
2015,NAYARIT ,TUXPAN,UNIÓN DE CORRIENTES,1,1
2015,OAXACA,JUCHITÁN DE ZARAGOZA,ÁLVARO OBREGÓN,1,1
2015,OAXACA,JUCHITÁN DE ZARAGOZA,PLAYA SAN VICENTE,1,1
2015,OAXACA,JUCHITÁN DE ZARAGOZA,SANTA MARÍA DEL MAR,1,1
2015,OAXACA,SALINA CRUZ,SALINA CRUZ,7,7
2015,OAXACA,SALINA CRUZ,SALINAS DEL MARQUÉS,3,3
2015,OAXACA,SAN DIONISIO DEL MAR,HUAMÚCHIL,1,1
2015,OAXACA,SAN DIONISIO DEL MAR,SAN DIONISIO DEL MAR,3,3
2015,OAXACA,SAN FRANCISCO DEL MAR,SAN FRANCISCO DEL MAR,1,1
2015,OAXACA,SAN MATEO DEL MAR,SAN MATEO DEL MAR,1,1
2015,OAXACA,SAN PEDRO HUAMELULA,EL COYUL,1,1
2015,OAXACA,SAN PEDRO MIXTEPEC -DTO. 22 -,PUERTO ESCONDIDO,7,5
2015,OAXACA,SAN PEDRO MIXTEPEC -DTO. 22 -,SAN PEDRO MIXTEPEC -DISTR. 22-,1,1
2015,OAXACA,SAN PEDRO POCHUTLA,PUERTO ÁNGEL,9,6
2015,OAXACA,SANTA MARÍA COLOTEPEC,SANTA MARÍA COLOTEPEC,4,4
2015,OAXACA,SANTA MARÍA HUATULCO,BAHÍA DE SANTA CRUZ (SANTA CRUZ),1,0
2015,OAXACA,SANTA MARÍA TONAMECA,MAZUNTE,1,0
2015,OAXACA,SANTIAGO PINOTEPA NACIONAL,CORRALERO,4,2
2015,OAXACA,SANTIAGO PINOTEPA NACIONAL,SANTIAGO PINOTEPA NACIONAL,1,1
2015,OAXACA,SANTO DOMINGO TEHUANTEPEC,SANTA GERTRUDIS MIRAMAR (EL CARRIZAL),1,1
2015,OAXACA,SANTO DOMINGO TEHUANTEPEC,SANTO DOMINGO TEHUANTEPEC,1,1
2015,OAXACA,VILLA DE TUTUTEPEC DE MELCHOR OCAMPO,EL ZAPOTALITO,1,1
2015,OAXACA,VILLA DE TUTUTEPEC DE MELCHOR OCAMPO,SAN JOSÉ MANIALTEPEC,1,1
2015,QUERETARO DE ARTEAGA,CADEREYTA DE MONTES,BELLAVISTA DEL RÍO,1,0
2015,QUERETARO DE ARTEAGA,CADEREYTA DE MONTES,TZIBANTZÁ,1,1
2015,QUERETARO DE ARTEAGA,CADEREYTA DE MONTES,TZIQUIA,1,1
2015,QUERETARO DE ARTEAGA,CADEREYTA DE MONTES,XIDHÍ,1,1
2015,QUERETARO DE ARTEAGA,CADEREYTA DE MONTES,XODHÉ,1,1
2015,QUERETARO DE ARTEAGA,SAN JUAN DEL RÍO,LA ESTANCIA,1,1
2015,QUINTANA ROO ,LÁZARO CÁRDENAS,CHIQUILA,3,2
2015,QUINTANA ROO ,LÁZARO CÁRDENAS,HOLBOX,2,0
2015,SINALOA,AHOME,AHOME,1,1
2015,SINALOA,AHOME,BACHOCO NÚMERO 2 (MACOCHÍN),1,1
2015,SINALOA,AHOME,BACOREHUIS,5,5
2015,SINALOA,AHOME,EL AGUAJITO,20,20
2015,SINALOA,AHOME,EL ALHUATE,2,2
2015,SINALOA,AHOME,EL COLORADO,29,29
2015,SINALOA,AHOME,EL HECHO,1,1
2015,SINALOA,AHOME,HIGUERA DE ZARAGOZA,2,2
2015,SINALOA,AHOME,JITZAMURI,15,14
2015,SINALOA,AHOME,LAS GRULLAS MARGEN DERECHA,2,2
2015,SINALOA,AHOME,LAS GRULLAS MARGEN IZQUIERDA,2,2
2015,SINALOA,AHOME,LAS LAJITAS,3,3
2015,SINALOA,AHOME,LÁZARO CÁRDENAS (MUELLECITO),5,5
2015,SINALOA,AHOME,LOS MOCHIS,5,5
2015,SINALOA,AHOME,PAREDONES,2,2
2015,SINALOA,AHOME,POBLADO NÚMERO CINCO,2,2
2015,SINALOA,AHOME,TOPOLOBAMPO,8,8
2015,SINALOA,ANGOSTURA,COSTA AZUL,3,3
2015,SINALOA,ANGOSTURA,LA REFORMA,43,40
2015,SINALOA,ANGOSTURA,PLAYA COLORADA,5,5
2015,SINALOA,BADIRAGUATO,EL VAREJONAL,1,1
2015,SINALOA,COSALÁ,COSALÁ,1,1
2015,SINALOA,COSALÁ,MEZCALTITÁN,1,1
2015,SINALOA,CULIACÁN,COSPITA,2,2
2015,SINALOA,CULIACÁN,COSTA RICA,1,1
2015,SINALOA,CULIACÁN,CULIACÁN ROSALES,1,1
2015,SINALOA,CULIACÁN,EL CONCHAL,3,3
2015,SINALOA,CULIACÁN,EL ROBALAR,2,2
2015,SINALOA,CULIACÁN,IMALA,1,1
2015,SINALOA,CULIACÁN,JESÚS MARÍA,2,2
2015,SINALOA,CULIACÁN,LAS ARENITAS,3,3
2015,SINALOA,CULIACÁN,PUEBLO NUEVO,1,1
2015,SINALOA,EL FUERTE,ADOLFO LÓPEZ MATEOS (JAHUARA SEGUNDO),1,1
2015,SINALOA,ELOTA,CELESTINO GAZCA VILLASEÑOR,1,1
2015,SINALOA,ELOTA,EL CHIRIMOLE,1,1
2015,SINALOA,ELOTA,EL SABINAL,1,1
2015,SINALOA,ELOTA,EL SUSPIRO,1,1
2015,SINALOA,ELOTA,LA CRUZ,2,2
2015,SINALOA,ELOTA,PAREDÓN COLORADO,1,1
2015,SINALOA,ELOTA,PUEBLO NUEVO,1,1
2015,SINALOA,ESCUINAPA,ESCUINAPA,9,9
2015,SINALOA,ESCUINAPA,LA CONCHA (LA CONCEPCIÓN),1,1
2015,SINALOA,ESCUINAPA,OJO DE AGUA DE PALMILLAS,1,1
2015,SINALOA,ESCUINAPA,PALMITO DEL VERDE,2,2
2015,SINALOA,ESCUINAPA,TEACAPAN,4,4
2015,SINALOA,GUASAVE,BOCA DEL RÍO,6,6
2015,SINALOA,GUASAVE,EL CARACOL,2,2
2015,SINALOA,GUASAVE,EL CERRO CABEZÓN,10,10
2015,SINALOA,GUASAVE,EL COLORADITO,1,1
2015,SINALOA,GUASAVE,EL HUITUSSI,8,8
2015,SINALOA,GUASAVE,EL TORTUGO,2,2
2015,SINALOA,GUASAVE,GUASAVE,4,4
2015,SINALOA,GUASAVE,SAN JOSÉ DE LA BRECHA,1,1
2015,SINALOA,MAZATLÁN,BARRÓN,1,1
2015,SINALOA,MAZATLÁN,LOMA ALTA DE LOS SÁNCHEZ,1,1
2015,SINALOA,MAZATLÁN,MAZATLÁN,138,133
2015,SINALOA,NAVOLATO,AGUAMITAS,1,1
2015,SINALOA,NAVOLATO,ALTATA,7,7
2015,SINALOA,NAVOLATO,DAUTILLOS,9,9
2015,SINALOA,NAVOLATO,EL CASTILLO,5,5
2015,SINALOA,NAVOLATO,EL TETUÁN NUEVO,2,2
2015,SINALOA,NAVOLATO,LAS AGUAMITAS,2,2
2015,SINALOA,NAVOLATO,LAS PUENTES (GUADALUPE VICTORIA),2,2
2015,SINALOA,NAVOLATO,NAVOLATO,2,2
2015,SINALOA,NAVOLATO,SATAYA,1,1
2015,SINALOA,NAVOLATO,YAMETO,5,5
2015,SINALOA,ROSARIO,AGUA VERDE,8,8
2015,SINALOA,ROSARIO,CHAMETLA,5,5
2015,SINALOA,ROSARIO,CRUZ PEDREGOZA,1,1
2015,SINALOA,ROSARIO,EJIDO CAJÓN OJO DE AGUA NÚMERO DOS,1,1
2015,SINALOA,ROSARIO,EJIDO GREGORIO VÁZQUEZ MORENO (SAN JOACHÍN),2,2
2015,SINALOA,ROSARIO,EL MATADERO (MATADEROS),1,1
2015,SINALOA,ROSARIO,EL POZOLE,1,1
2015,SINALOA,ROSARIO,EL ROSARIO,2,2
2015,SINALOA,ROSARIO,LA GUÁSIMA,2,2
2015,SINALOA,ROSARIO,LOS POZOS,2,2
2015,SINALOA,ROSARIO,POTRERILLOS,1,1
2015,SINALOA,SALVADOR ALVARADO,GUAMÚCHIL,3,3
2015,SINALOA,SAN IGNACIO,BARRAS DE PIAXTLA,3,3
2015,SINALOA,SINALOA,BACUBIRITO,2,2
2015,SINALOA,SINALOA,BACURATO,2,2
2015,SINALOA,SINALOA,SANTIAGO DE OCORONI,1,1
2015,SONORA ,BÁCUM,FRANCISCO JAVIER MINA (CAMPO 60),1,1
2015,SONORA ,BENITO JUÁREZ,ABEL PLACENCIA,1,1
2015,SONORA ,BENITO JUÁREZ,PAREDÓN COLORADO (PAREDÓN VIEJO),2,2
2015,SONORA ,BENITO JUÁREZ,PAREDONCITO,4,4
2015,SONORA ,BENITO JUÁREZ,VILLA JUÁREZ,1,1
2015,SONORA ,CAJEME,CIUDAD OBREGÓN,2,2
2015,SONORA ,EMPALME,CRUZ DE PIEDRA,1,1
2015,SONORA ,EMPALME,EMPALME,8,8
2015,SONORA ,ETCHOJOA,BACOBAMPO,1,1
2015,SONORA ,GUAYMAS,HEROICA GUAYMAS,11,11
2015,SONORA ,GUAYMAS,LOCALIDAD SIN NOMBRE,2,2
2015,SONORA ,HERMOSILLO,BAHÍA DE KINO,5,5
2015,SONORA ,HERMOSILLO,SAHUÍMERO,1,1
2015,SONORA ,HUATABAMPO,AGIABAMPO UNO,4,4
2015,SONORA ,HUATABAMPO,BACHANTAHUI,2,2
2015,SONORA ,HUATABAMPO,BACHOCO,2,2
2015,SONORA ,HUATABAMPO,GUADALUPE VICTORIA,1,1
2015,SONORA ,HUATABAMPO,HUATABAMPO,14,14
2015,SONORA ,HUATABAMPO,LAS BOCAS,4,4
2015,SONORA ,HUATABAMPO,LAS MILPAS,1,1
2015,SONORA ,HUATABAMPO,LOMA DE ETCHOROPO,1,1
2015,SONORA ,HUATABAMPO,LOS BUITBORES,1,1
2015,SONORA ,HUATABAMPO,MELCHOR OCAMPO,2,2
2015,SONORA ,HUATABAMPO,MORONCÁRIT,8,8
2015,SONORA ,HUATABAMPO,YAVAROS (ISLA LAS VIEJAS),11,11
2015,SONORA ,NAVOJOA,SAN JOSÉ MASIACA,1,1
2015,SONORA ,PITIQUITO,PUERTO LIBERTAD,1,1
2015,TABASCO ,BALANCÁN,BALANCÁN,1,1
2015,TABASCO ,BALANCÁN,SAN PEDRO,1,1
2015,TABASCO ,CÁRDENAS,AZUCENA 2DA. SECCIÓN,1,1
2015,TABASCO ,CÁRDENAS,CÁRDENAS,5,5
2015,TABASCO ,CÁRDENAS,CHICOZAPOTE 1RA. SECCIÓN,1,1
2015,TABASCO ,CÁRDENAS,CUAUHTEMOCZIN,6,6
2015,TABASCO ,CÁRDENAS,EL ALACRÁN,3,3
2015,TABASCO ,CÁRDENAS,EL ALACRÁN (SECCIÓN MANATINERO),2,2
2015,TABASCO ,CÁRDENAS,EL BARÍ 1RA. SECCIÓN,1,1
2015,TABASCO ,CÁRDENAS,FRANCISCO TRUJILLO GURRÍA (SAN PEDRO),1,1
2015,TABASCO ,CÁRDENAS,PAILEBOT,2,2
2015,TABASCO ,CÁRDENAS,SINALOA 1RA. SECCIÓN,2,2
2015,TABASCO ,CÁRDENAS,SINALOA 2DA. SECCIÓN,2,2
2015,TABASCO ,CÁRDENAS,VILLA SÁNCHEZ MAGALLANES (BARRA DE SANTA ANA),42,42
2015,TABASCO ,CENTLA,ARROYO POLO 2DA. SECCIÓN,3,3
2015,TABASCO ,CENTLA,ARROYO POLO 3RA. SECCIÓN (POLO),4,4
2015,TABASCO ,CENTLA,BARRA DE SAN PEDRO (SAN PEDRO Y SAN PABLO),7,7
2015,TABASCO ,CENTLA,BENITO JUÁREZ,1,1
2015,TABASCO ,CENTLA,BOCA DE CHILAPA 1RA. SECCIÓN,1,1
2015,TABASCO ,CENTLA,BOCA DE PANTOJA,3,3
2015,TABASCO ,CENTLA,CARLOS ROVIROSA 2A. SECC. (BARRA DE PESCADOR),4,4
2015,TABASCO ,CENTLA,CARLOS ROVIROSA 2DA. SECCIÓN (LA COSTEÑITA),2,2
2015,TABASCO ,CENTLA,CHICHICASTLE 1RA. SECCIÓN,6,6
2015,TABASCO ,CENTLA,CHICHICASTLE 2DA. SECCIÓN,2,2
2015,TABASCO ,CENTLA,CHILAPA MARGEN DERECHA 2DA. SECCIÓN,1,1
2015,TABASCO ,CENTLA,CHILAPA MARGEN IZQUIERDA 1RA. SECCIÓN,1,1
2015,TABASCO ,CENTLA,CUAUHTÉMOC,2,2
2015,TABASCO ,CENTLA,EL BELLOTE,1,1
2015,TABASCO ,CENTLA,FELIPE CARRILLO PUERTO (CENTRO),1,1
2015,TABASCO ,CENTLA,FRANCISCO I. MADERO,2,2
2015,TABASCO ,CENTLA,FRONTERA,21,21
2015,TABASCO ,CENTLA,FRONTERA (FRONTERITA),3,3
2015,TABASCO ,CENTLA,GOBERNADOR CRUZ,2,2
2015,TABASCO ,CENTLA,IGNACIO ZARAGOZA,3,3
2015,TABASCO ,CENTLA,JALAPITA 1RA. SECCIÓN,2,2
2015,TABASCO ,CENTLA,JOSÉ MARÍA MORELOS Y PAVÓN,1,1
2015,TABASCO ,CENTLA,LA ESTRELLA,3,3
2015,TABASCO ,CENTLA,LA SABANA,1,1
2015,TABASCO ,CENTLA,LA VICTORIA,2,2
2015,TABASCO ,CENTLA,LAS PALMAS,1,1
2015,TABASCO ,CENTLA,LAS PORFÍAS,1,1
2015,TABASCO ,CENTLA,LEANDRO ROVIROSA WADE 1RA. SECCIÓN,1,1
2015,TABASCO ,CENTLA,LUIS ECHEVERRÍA ÁLVAREZ,1,1
2015,TABASCO ,CENTLA,NUEVA ESPERANZA DE QUINTÍN ARÁUZ,1,1
2015,TABASCO ,CENTLA,NUEVO CENTLA BOQUERÓN,1,1
2015,TABASCO ,CENTLA,QUINTÍN ARÁUZ,1,1
2015,TABASCO ,CENTLA,REVOLUCIÓN,3,3
2015,TABASCO ,CENTLA,RIBERA ALTA 1RA. SECCIÓN,2,2
2015,TABASCO ,CENTLA,RIBERA ALTA 2DA. SECCIÓN,1,1
2015,TABASCO ,CENTLA,RIBERA ALTA 3RA. SECCIÓN,1,1
2015,TABASCO ,CENTLA,SAN JUAN,1,1
2015,TABASCO ,CENTLA,SAN JUANITO BOCA DE TRES BRAZOS,3,3
2015,TABASCO ,CENTLA,SAN RAMÓN,1,1
2015,TABASCO ,CENTLA,SAN ROMÁN,2,2
2015,TABASCO ,CENTLA,TABASQUILLO 1RA. SECCIÓN,1,1
2015,TABASCO ,CENTLA,TRES BRAZOS (COCALITO),1,1
2015,TABASCO ,CENTRO,ACACHAPAN Y COLMENA 1RA. SECCIÓN,1,1
2015,TABASCO ,CENTRO,ACACHAPAN Y COLMENA 4TA. SECCIÓN,1,1
2015,TABASCO ,CENTRO,AZTLÁN 2DA. SECCIÓN,1,1
2015,TABASCO ,CENTRO,COCOYOL (SOCIALISTA),1,1
2015,TABASCO ,CENTRO,ISMATE Y CHILAPILLA 2A. SEC. (BOCA DEL CAMPO),1,1
2015,TABASCO ,CENTRO,VILLAHERMOSA,1,1
2015,TABASCO ,COMALCALCO,COCOHITAL,2,2
2015,TABASCO ,COMALCALCO,GUAYO 3RA. SECCIÓN,1,1
2015,TABASCO ,EMILIANO ZAPATA,EMILIANO ZAPATA,4,4
2015,TABASCO ,HUIMANGUILLO,AQUILES SERDÁN 1RA. SECCIÓN,2,2
2015,TABASCO ,HUIMANGUILLO,FRANCISCO I. MADERO,1,1
2015,TABASCO ,JALPA DE MÉNDEZ,CAMPO PETROLERO MECOACÁN,1,1
2015,TABASCO ,JALPA DE MÉNDEZ,REFORMA 2DA. SECCIÓN (SANTA MARÍA),2,2
2015,TABASCO ,JONUTA,FEDERICO ÁLVAREZ,1,1
2015,TABASCO ,JONUTA,HIDALGO Y TAMARINDO,1,1
2015,TABASCO ,JONUTA,JONUTA,2,2
2015,TABASCO ,JONUTA,SACRIFICIO,1,1
2015,TABASCO ,JONUTA,SAN JOSÉ,1,1
2015,TABASCO ,JONUTA,SAN MIGUEL,1,1
2015,TABASCO ,JONUTA,TORNO LARGO 2DA. SECCIÓN,1,1
2015,TABASCO ,MACUSPANA,BITZAL 1RA. SECCIÓN,1,1
2015,TABASCO ,MACUSPANA,BITZAL 4TA. SECCIÓN,1,1
2015,TABASCO ,MACUSPANA,MACUSPANA,1,1
2015,TABASCO ,MACUSPANA,MIGUEL HIDALGO 1RA. SECCIÓN,1,1
2015,TABASCO ,MACUSPANA,MIGUEL ORRICO DE LOS LLANOS,1,1
2015,TABASCO ,MACUSPANA,TIERRA COLORADA,1,1
2015,TABASCO ,NACAJUCA,EL SITIO,1,1
2015,TABASCO ,NACAJUCA,EL ZAPOTE,2,2
2015,TABASCO ,PARAÍSO,AQUILES SERDÁN,2,2
2015,TABASCO ,PARAÍSO,BARRA DE TUPILCO,5,5
2015,TABASCO ,PARAÍSO,CHILTEPEC (PUERTO CHILTEPEC),4,4
2015,TABASCO ,PARAÍSO,CHILTEPEC SECCIÓN BANCO,1,1
2015,TABASCO ,PARAÍSO,CHILTEPEC SECCIÓN TANQUES,1,1
2015,TABASCO ,PARAÍSO,COLONIA PÉNJAMO,1,1
2015,TABASCO ,PARAÍSO,GUANO SOLO (EL COQUITO),3,3
2015,TABASCO ,PARAÍSO,JOSÉ MARÍA MORELOS Y PAVÓN (EL BELLOTE),13,13
2015,TABASCO ,PARAÍSO,LAS FLORES 3RA. SECCIÓN (EL CERRO),2,2
2015,TABASCO ,PARAÍSO,NUEVO TORNOLARGO,2,2
2015,TABASCO ,PARAÍSO,PARAÍSO,2,2
2015,TABASCO ,PARAÍSO,PUERTO CEIBA,2,2
2015,TABASCO ,PARAÍSO,PUERTO CEIBA (CARRIZAL),2,2
2015,TABASCO ,PARAÍSO,UNIÓN 1RA. SECCIÓN (AMATILLO),3,3
2015,TABASCO ,PARAÍSO,UNIÓN 2DA. SECCIÓN,1,1
2015,TABASCO ,PARAÍSO,UNIÓN 3RA. SECCIÓN,3,3
2015,TABASCO ,TENOSIQUE,CENTRO USUMACINTA,1,1
2015,TAMAULIPAS ,ALDAMA,BARRA DEL TORDO,1,1
2015,TAMAULIPAS ,ALDAMA,LAS FLORES,1,1
2015,TAMAULIPAS ,ALDAMA,MORÓN,2,2
2015,TAMAULIPAS ,ALTAMIRA,ALTAMIRA,3,3
2015,TAMAULIPAS ,ALTAMIRA,AQUILES SERDÁN (EL BARRANCO),1,1
2015,TAMAULIPAS ,ALTAMIRA,CÚES ORTEÑO,1,1
2015,TAMAULIPAS ,ALTAMIRA,LAS FLORES,1,1
2015,TAMAULIPAS ,ALTAMIRA,MARTÍN A. MARTÍNEZ (LOS POTREROS),1,1
2015,TAMAULIPAS ,CAMARGO,CAMARGO (ESTACIÓN CAMARGO),1,1
2015,TAMAULIPAS ,CAMARGO,LOS COMÁLES,3,3
2015,TAMAULIPAS ,CASAS,JACINTO CANEK,1,1
2015,TAMAULIPAS ,CIUDAD MADERO,CIUDAD MADERO,4,4
2015,TAMAULIPAS ,GüÉMEZ,GÜÉMEZ,2,2
2015,TAMAULIPAS ,MATAMOROS,HEROICA MATAMOROS,5,5
2015,TAMAULIPAS ,MATAMOROS,HIGUERILLAS,4,4
2015,TAMAULIPAS ,MATAMOROS,LAS HIGUERILLAS,2,2
2015,TAMAULIPAS ,PADILLA,NUEVA VILLA DE PADILLA,1,1
2015,TAMAULIPAS ,SAN FERNANDO,CARBONERAS (LA CARBONERA),2,1
2015,TAMAULIPAS ,SAN FERNANDO,CARVAJAL,2,2
2015,TAMAULIPAS ,SAN FERNANDO,EL BARRANCÓN DEL TÍO BLAS (EL BARRANCÓN),4,4
2015,TAMAULIPAS ,SAN FERNANDO,GENERAL FRANCISCO J. MÚJICA (LA POZA),1,1
2015,TAMAULIPAS ,SAN FERNANDO,GENERAL FRANCISCO VILLA,1,1
2015,TAMAULIPAS ,SAN FERNANDO,PUNTA DE ALAMBRE (PUENTE DE ALAMBRE),2,1
2015,TAMAULIPAS ,SOTO LA MARINA,LA PESCA,12,12
2015,TAMAULIPAS ,SOTO LA MARINA,MIGUEL DE LA MADRID (EL CANAL),1,1
2015,TAMAULIPAS ,SOTO LA MARINA,TEPEHUAJES,1,1
2015,TAMAULIPAS ,SOTO LA MARINA,VISTA HERMOSA,1,1
2015,TAMAULIPAS ,TAMPICO,TAMPICO,17,17
2015,VERACRUZ DE IGNACIO DE LA LLAVE,AGUA DULCE,EL MUELLE (GAVILAN NORTE),1,1
2015,VERACRUZ DE IGNACIO DE LA LLAVE,AGUA DULCE,RANCHO JOSÉ RAMÓN,1,1
2015,VERACRUZ DE IGNACIO DE LA LLAVE,AGUA DULCE,TONALÁ,8,8
2015,VERACRUZ DE IGNACIO DE LA LLAVE,ALVARADO,ALVARADO,1,1
2015,VERACRUZ DE IGNACIO DE LA LLAVE,CATEMACO,BARRA DE SONTECOMAPAN,5,5
2015,VERACRUZ DE IGNACIO DE LA LLAVE,CATEMACO,SONTECOMAPAN,2,2
2015,VERACRUZ DE IGNACIO DE LA LLAVE,COATZACOALCOS,ALLENDE,3,3
2015,VERACRUZ DE IGNACIO DE LA LLAVE,COATZACOALCOS,COATZACOALCOS,1,1
2015,VERACRUZ DE IGNACIO DE LA LLAVE,COATZACOALCOS,LAS BARRILLAS,1,1
2015,VERACRUZ DE IGNACIO DE LA LLAVE,GUTIÉRREZ ZAMORA,GUTIÉRREZ ZAMORA,1,1
2015,VERACRUZ DE IGNACIO DE LA LLAVE,LERDO DE TEJADA,LERDO DE TEJADA,1,1
2015,VERACRUZ DE IGNACIO DE LA LLAVE,MINATITLÁN,CEIBA BONITA,1,1
2015,VERACRUZ DE IGNACIO DE LA LLAVE,NAUTLA,CAMINO REAL,1,1
2015,VERACRUZ DE IGNACIO DE LA LLAVE,NAUTLA,NAUTLA,1,1
2015,VERACRUZ DE IGNACIO DE LA LLAVE,OZULUAMA DE MASCAREÑAS,ALTO DEL TIGRE,1,1
2015,VERACRUZ DE IGNACIO DE LA LLAVE,OZULUAMA DE MASCAREÑAS,BELISARIO DOMÍNGUEZ (SAN GREGORIO),1,0
2015,VERACRUZ DE IGNACIO DE LA LLAVE,OZULUAMA DE MASCAREÑAS,COLONIA MORENO (ISLA JUAN A. RAMÍREZ),2,1
2015,VERACRUZ DE IGNACIO DE LA LLAVE,OZULUAMA DE MASCAREÑAS,LA CALLE (ISLA JUAN A. RAMÍREZ),1,1
2015,VERACRUZ DE IGNACIO DE LA LLAVE,PAJAPAN,JICACAL,1,1
2015,VERACRUZ DE IGNACIO DE LA LLAVE,PAJAPAN,PLAYA LINDA,1,1
2015,VERACRUZ DE IGNACIO DE LA LLAVE,PAJAPAN,SAN JUAN VOLADOR,1,1
2015,VERACRUZ DE IGNACIO DE LA LLAVE,PÁNUCO,AMPLIACIÓN ÚRSULO GALVÁN,1,1
2015,VERACRUZ DE IGNACIO DE LA LLAVE,PÁNUCO,ESTERO DEL REY,1,1
2015,VERACRUZ DE IGNACIO DE LA LLAVE,PÁNUCO,MORALILLO,1,1
2015,VERACRUZ DE IGNACIO DE LA LLAVE,PÁNUCO,TAMPALACHE E ISLETA GRANDE (LAS ÁNIMAS),1,1
2015,VERACRUZ DE IGNACIO DE LA LLAVE,PUEBLO VIEJO,ANÁHUAC,5,5
2015,VERACRUZ DE IGNACIO DE LA LLAVE,PUEBLO VIEJO,CD. CUAUHTÉMOC,2,2
2015,VERACRUZ DE IGNACIO DE LA LLAVE,PUEBLO VIEJO,OJITAL,1,1
2015,VERACRUZ DE IGNACIO DE LA LLAVE,SAN ANDRÉS TUXTLA,ARROYO DE LIZA,1,1
2015,VERACRUZ DE IGNACIO DE LA LLAVE,SAN ANDRÉS TUXTLA,BALZAPOTE,1,1
2015,VERACRUZ DE IGNACIO DE LA LLAVE,SAN ANDRÉS TUXTLA,MONTEPÍO,1,1
2015,VERACRUZ DE IGNACIO DE LA LLAVE,SAN ANDRÉS TUXTLA,PLAYA HERMOSA,1,1
2015,VERACRUZ DE IGNACIO DE LA LLAVE,SAN ANDRÉS TUXTLA,SALINAS ROCA PARTIDA,3,3
2015,VERACRUZ DE IGNACIO DE LA LLAVE,SAN ANDRÉS TUXTLA,TORO PRIETO,1,1
2015,VERACRUZ DE IGNACIO DE LA LLAVE,TAMALÍN,LAS PIEDRAS,1,1
2015,VERACRUZ DE IGNACIO DE LA LLAVE,TAMALÍN,SALADERO,3,3
2015,VERACRUZ DE IGNACIO DE LA LLAVE,TAMALÍN,SAN JERÓNIMO (LA GUÁSIMA),2,2
2015,VERACRUZ DE IGNACIO DE LA LLAVE,TAMIAHUA,LA PUNTILLA,1,1
2015,VERACRUZ DE IGNACIO DE LA LLAVE,TAMIAHUA,LA REFORMA,1,1
2015,VERACRUZ DE IGNACIO DE LA LLAVE,TAMIAHUA,TAMIAHUA,9,9
2015,VERACRUZ DE IGNACIO DE LA LLAVE,TAMPICO ALTO,EL TULAR,1,1
2015,VERACRUZ DE IGNACIO DE LA LLAVE,TAMPICO ALTO,KILÓMETRO 79,1,1
2015,VERACRUZ DE IGNACIO DE LA LLAVE,TAMPICO ALTO,LA ALBORADA,1,1
2015,VERACRUZ DE IGNACIO DE LA LLAVE,TAMPICO ALTO,LA RIBERA,1,1
2015,VERACRUZ DE IGNACIO DE LA LLAVE,TAMPICO ALTO,LAS CHACAS,2,2
2015,VERACRUZ DE IGNACIO DE LA LLAVE,TAMPICO ALTO,MATA DE CHÁVEZ,1,1
2015,VERACRUZ DE IGNACIO DE LA LLAVE,TAMPICO ALTO,MORALES,2,2
2015,VERACRUZ DE IGNACIO DE LA LLAVE,TATAHUICAPAN DE JUÁREZ,ZAPOTITLÁN,1,1
2015,VERACRUZ DE IGNACIO DE LA LLAVE,TECOLUTLA,CASITAS,4,4
2015,VERACRUZ DE IGNACIO DE LA LLAVE,TECOLUTLA,TECOLUTLA,4,4
2015,VERACRUZ DE IGNACIO DE LA LLAVE,TLACOTALPAN,TLACOTALPAN,3,3
2015,VERACRUZ DE IGNACIO DE LA LLAVE,TUXPAN,TÚXPAM DE RODRÍGUEZ CANO,1,1
2015,VERACRUZ DE IGNACIO DE LA LLAVE,VEGA DE ALATORRE,LAS HIGUERAS,2,2
2015,VERACRUZ DE IGNACIO DE LA LLAVE,VEGA DE ALATORRE,PLAYA NAVARRO,1,1
2015,VERACRUZ DE IGNACIO DE LA LLAVE,VERACRUZ,VERACRUZ,1,0
2015,YUCATAN ,CELESTÚN,CELESTÚN,2,2
2015,YUCATAN ,DZIDZANTÚN,DZIDZANTÚN,5,5
2015,YUCATAN ,DZILAM DE BRAVO,DZILAM DE BRAVO,29,29
2015,YUCATAN ,DZILAM GONZÁLEZ,DZILAM GONZÁLEZ,1,1
2015,YUCATAN ,MÉRIDA,MÉRIDA,1,1
2015,YUCATAN ,PROGRESO,CHICXULUB PUERTO,9,9
2015,YUCATAN ,PROGRESO,CHUBURNÁ,1,1
2015,YUCATAN ,PROGRESO,PROGRESO,35,35
2015,YUCATAN ,SINANCHÉ,SAN CRISANTO,4,4
2015,YUCATAN ,TELCHAC PUERTO,TELCHAC PUERTO,8,8
2015,YUCATAN ,YOBAÍN,CHABIHAU,5,5
